transaction_id,account_id,merchant_id,timestamp,amount,currency,transaction_type,status,is_injected_anomaly,anomaly_type
T0000001,A00035,M00041,2025-02-27 16:45:00,257.7,EUR,Refund,Completed,False,none
T0000002,A00010,M00055,2025-02-25 12:45:00,38.9,GBP,Purchase,Completed,False,none
T0000003,A00055,M00062,2025-09-13 14:52:00,16.36,EUR,Purchase,Completed,False,none
T0000004,A00026,M00070,2025-07-06 08:05:00,26.03,EUR,Purchase,Completed,False,none
T0000005,A00110,M00060,2025-06-16 18:59:00,79.56,EUR,Purchase,Completed,False,none
T0000006,A00001,M00034,2025-04-01 09:27:00,24.28,EUR,Purchase,Completed,False,none
T0000007,A00012,M00001,2025-03-04 16:32:00,7.89,EUR,Refund,Completed,False,none
T0000008,A00030,M00048,2025-09-27 14:47:00,258.47,USD,Purchase,Declined,False,none
T0000009,A00022,M00039,2025-05-11 16:29:00,152.45,GBP,Purchase,Completed,False,none
T0000010,A00027,M00063,2025-10-11 17:15:00,43.98,GBP,Purchase,Completed,False,none
T0000011,A00075,M00012,2025-06-11 11:01:00,31.74,EUR,Purchase,Completed,False,none
T0000012,A00040,M00038,2025-05-25 19:10:00,23.9,EUR,Purchase,Completed,False,none
T0000013,A00069,M00038,2025-03-25 19:05:00,162.28,EUR,Purchase,Completed,False,none
T0000014,A00103,M00028,2025-08-29 20:22:00,138.92,EUR,Purchase,Completed,False,none
T0000015,A00067,M00034,2025-04-14 14:46:00,69.21,EUR,Purchase,Completed,False,none
T0000016,A00079,M00034,2025-11-28 21:20:00,94.02,EUR,Purchase,Completed,False,none
T0000017,A00042,M00049,2025-05-30 09:35:00,73.27,EUR,Purchase,Completed,False,none
T0000018,A00015,M00078,2025-10-25 10:11:00,33.56,EUR,Purchase,Completed,False,none
T0000019,A00040,M00040,2025-06-21 18:35:00,9.35,USD,Purchase,Completed,False,none
T0000020,A00113,M00003,2025-06-01 14:57:00,68.09,EUR,Purchase,Completed,False,none
T0000021,A00070,M00024,2025-06-15 09:18:00,27.74,USD,Purchase,Completed,False,none
T0000022,A00034,M00007,2025-06-11 20:28:00,35.47,GBP,Purchase,Completed,False,none
T0000023,A00050,M00057,2025-06-24 09:57:00,42.41,EUR,Purchase,Completed,False,none
T0000024,A00093,M00012,2025-11-20 21:36:00,43.27,EUR,Purchase,Completed,False,none
T0000025,A00076,M00001,2025-09-14 15:23:00,152.85,EUR,Purchase,Completed,False,none
T0000026,A00063,M00028,2025-01-13 12:07:00,170.68,EUR,Purchase,Completed,False,none
T0000027,A00101,M00051,2025-01-22 16:56:00,41.01,EUR,Purchase,Declined,False,none
T0000028,A00076,M00059,2025-01-09 15:36:00,89.41,EUR,Purchase,Completed,False,none
T0000029,A00073,M00006,2025-09-10 14:03:00,136.95,EUR,Purchase,Completed,False,none
T0000030,A00021,M00029,2025-03-17 13:33:00,301.38,EUR,Purchase,Completed,False,none
T0000031,A00008,M00031,2025-05-21 15:58:00,95.07,GBP,Purchase,Completed,False,none
T0000032,A00113,M00034,2025-10-30 20:55:00,153.91,EUR,Purchase,Completed,False,none
T0000033,A00067,M00034,2025-02-18 16:11:00,106.55,EUR,Purchase,Completed,False,none
T0000034,A00046,M00022,2025-02-25 19:24:00,12.75,EUR,Purchase,Completed,False,none
T0000035,A00067,M00018,2025-01-29 14:59:00,4.61,EUR,Purchase,Completed,False,none
T0000036,A00005,M00066,2025-04-15 18:46:00,126.22,EUR,Purchase,Completed,False,none
T0000037,A00092,M00045,2025-02-02 13:33:00,103.73,EUR,Purchase,Completed,False,none
T0000038,A00025,M00052,2025-08-18 14:18:00,251.51,EUR,Purchase,Completed,False,none
T0000039,A00089,M00018,2025-09-26 14:45:00,7.44,EUR,Purchase,Completed,False,none
T0000040,A00058,M00055,2025-03-09 13:34:00,324.38,GBP,Purchase,Completed,False,none
T0000041,A00034,M00013,2025-07-11 00:31:00,11.64,EUR,Purchase,Completed,False,none
T0000042,A00003,M00055,2025-04-21 19:55:00,24.38,GBP,Purchase,Declined,False,none
T0000043,A00091,M00057,2025-01-30 19:22:00,37.52,EUR,Purchase,Completed,False,none
T0000044,A00019,M00054,2025-06-20 22:37:00,191.75,EUR,Purchase,Completed,False,none
T0000045,A00004,M00070,2025-09-12 12:02:00,268.22,EUR,Purchase,Completed,False,none
T0000046,A00084,M00030,2025-03-25 17:42:00,241.72,EUR,Purchase,Completed,False,none
T0000047,A00041,M00073,2025-10-15 10:32:00,7.5,EUR,Purchase,Completed,False,none
T0000048,A00043,M00012,2025-12-29 11:52:00,43.83,EUR,Purchase,Completed,False,none
T0000049,A00030,M00032,2025-01-21 18:19:00,214.81,USD,Purchase,Completed,False,none
T0000050,A00097,M00006,2025-03-01 10:55:00,14.07,EUR,Purchase,Completed,False,none
T0000051,A00036,M00052,2025-04-16 09:34:00,46.64,EUR,Purchase,Completed,False,none
T0000052,A00023,M00023,2025-11-07 14:12:00,18.4,GBP,Purchase,Completed,False,none
T0000053,A00038,M00026,2025-02-21 16:09:00,145.08,EUR,Purchase,Completed,False,none
T0000054,A00022,M00034,2025-06-21 18:11:00,41.93,EUR,Purchase,Completed,False,none
T0000055,A00039,M00033,2025-07-16 08:18:00,132.73,EUR,Refund,Completed,False,none
T0000056,A00004,M00026,2025-02-17 11:33:00,334.27,EUR,Purchase,Completed,False,none
T0000057,A00015,M00078,2025-01-16 21:52:00,27.01,EUR,Purchase,Declined,False,none
T0000058,A00046,M00062,2025-02-13 14:59:00,20.71,EUR,Purchase,Completed,False,none
T0000059,A00101,M00019,2025-01-21 17:40:00,49.95,EUR,Purchase,Completed,False,none
T0000060,A00005,M00065,2025-07-02 13:29:00,228.17,EUR,Purchase,Completed,False,none
T0000061,A00023,M00023,2025-12-08 12:36:00,8.65,GBP,Purchase,Completed,False,none
T0000062,A00105,M00036,2025-05-10 15:19:00,74.9,EUR,Purchase,Completed,False,none
T0000063,A00103,M00027,2025-04-04 11:14:00,309.12,EUR,Purchase,Completed,False,none
T0000064,A00077,M00024,2025-03-27 19:32:00,31.72,USD,Purchase,Completed,False,none
T0000065,A00027,M00024,2025-12-25 18:49:00,28.66,USD,Purchase,Completed,False,none
T0000066,A00047,M00050,2025-12-17 17:03:00,17.88,EUR,Purchase,Completed,False,none
T0000067,A00023,M00015,2025-08-25 12:06:00,15.0,GBP,Purchase,Completed,False,none
T0000068,A00010,M00078,2025-06-19 18:10:00,19.16,EUR,Purchase,Completed,False,none
T0000069,A00043,M00047,2025-02-28 15:12:00,73.73,GBP,Purchase,Completed,False,none
T0000070,A00066,M00053,2025-12-06 17:08:00,233.73,EUR,Purchase,Completed,False,none
T0000071,A00042,M00049,2025-01-01 16:07:00,46.3,EUR,Refund,Completed,False,none
T0000072,A00069,M00059,2025-03-01 15:01:00,148.92,EUR,Purchase,Completed,False,none
T0000073,A00036,M00028,2025-09-05 11:20:00,75.15,EUR,Refund,Completed,False,none
T0000074,A00041,M00080,2025-03-08 11:43:00,11.35,USD,Purchase,Completed,False,none
T0000075,A00087,M00019,2025-02-09 09:09:00,48.76,EUR,Purchase,Completed,False,none
T0000076,A00102,M00065,2025-08-06 14:19:00,59.1,EUR,Purchase,Completed,False,none
T0000077,A00040,M00013,2025-01-10 19:58:00,2.97,EUR,Purchase,Completed,False,none
T0000078,A00066,M00037,2025-04-09 14:10:00,72.84,EUR,Refund,Completed,False,none
T0000079,A00034,M00044,2025-08-23 23:59:00,242.51,EUR,Purchase,Completed,False,none
T0000080,A00004,M00046,2025-03-09 16:30:00,665.22,EUR,Purchase,Completed,False,none
T0000081,A00083,M00076,2025-10-05 15:43:00,10.6,EUR,Purchase,Completed,False,none
T0000082,A00018,M00015,2025-02-04 16:19:00,19.63,GBP,Purchase,Completed,False,none
T0000083,A00048,M00031,2025-08-12 11:19:00,84.48,GBP,Purchase,Completed,False,none
T0000084,A00053,M00052,2025-01-28 16:23:00,49.49,EUR,Purchase,Completed,False,none
T0000085,A00019,M00054,2025-09-25 18:07:00,152.56,EUR,Purchase,Completed,False,none
T0000086,A00007,M00004,2025-10-02 11:18:00,14.52,EUR,Purchase,Completed,False,none
T0000087,A00041,M00024,2025-10-18 18:53:00,9.85,USD,Purchase,Completed,False,none
T0000088,A00112,M00016,2025-04-13 12:00:00,80.3,USD,Purchase,Completed,False,none
T0000089,A00069,M00054,2025-03-28 15:34:00,266.79,EUR,Purchase,Completed,False,none
T0000090,A00043,M00071,2025-12-24 08:41:00,89.3,GBP,Purchase,Completed,False,none
T0000091,A00004,M00054,2025-09-24 22:08:00,70.98,EUR,Purchase,Completed,False,none
T0000092,A00067,M00019,2025-03-08 10:06:00,7.64,EUR,Purchase,Completed,False,none
T0000093,A00006,M00052,2025-01-11 19:33:00,230.49,EUR,Purchase,Completed,False,none
T0000094,A00059,M00066,2025-05-10 14:13:00,82.63,EUR,Purchase,Completed,False,none
T0000095,A00084,M00066,2025-08-31 13:58:00,72.66,EUR,Purchase,Completed,False,none
T0000096,A00047,M00042,2025-05-17 20:11:00,37.69,EUR,Purchase,Completed,False,none
T0000097,A00037,M00012,2025-10-22 00:07:00,51.25,EUR,Purchase,Completed,False,none
T0000098,A00004,M00077,2025-07-02 15:19:00,29.14,EUR,Purchase,Completed,False,none
T0000099,A00001,M00073,2025-12-28 11:19:00,49.64,EUR,Purchase,Completed,False,none
T0000100,A00048,M00015,2025-11-14 05:09:00,157.27,GBP,Purchase,Completed,False,none
T0000101,A00101,M00051,2025-06-22 13:39:00,92.42,EUR,Purchase,Completed,False,none
T0000102,A00028,M00018,2025-11-01 13:20:00,28.26,EUR,Refund,Completed,False,none
T0000103,A00066,M00021,2025-06-13 16:31:00,5.87,EUR,Purchase,Completed,False,none
T0000104,A00078,M00041,2025-01-04 11:14:00,66.18,EUR,Purchase,Completed,False,none
T0000105,A00005,M00054,2025-04-23 17:05:00,411.83,EUR,Purchase,Completed,False,none
T0000106,A00013,M00037,2025-05-30 07:03:00,36.24,EUR,Purchase,Completed,False,none
T0000107,A00040,M00073,2025-12-23 19:03:00,6.59,EUR,Purchase,Completed,False,none
T0000108,A00076,M00067,2025-10-30 13:52:00,230.44,EUR,Purchase,Completed,False,none
T0000109,A00049,M00014,2025-02-23 05:15:00,76.38,EUR,Purchase,Completed,False,none
T0000110,A00083,M00072,2025-01-01 18:18:00,32.69,USD,Purchase,Completed,False,none
T0000111,A00098,M00056,2025-07-13 12:34:00,24.85,USD,Purchase,Completed,False,none
T0000112,A00084,M00058,2025-07-14 15:05:00,47.6,EUR,Purchase,Completed,False,none
T0000113,A00117,M00078,2025-09-26 23:36:00,18.32,EUR,Purchase,Completed,False,none
T0000114,A00084,M00066,2025-04-05 10:31:00,50.07,EUR,Purchase,Completed,False,none
T0000115,A00094,M00002,2025-10-24 16:47:00,76.86,EUR,Purchase,Completed,False,none
T0000116,A00092,M00040,2025-05-31 07:07:00,22.72,USD,Purchase,Completed,False,none
T0000117,A00083,M00068,2025-05-03 17:01:00,117.82,EUR,Purchase,Completed,False,none
T0000118,A00088,M00074,2025-06-03 13:46:00,313.42,EUR,Purchase,Completed,True,high_amount
T0000119,A00110,M00020,2025-12-11 13:22:00,48.78,EUR,Purchase,Completed,False,none
T0000120,A00053,M00012,2025-05-23 19:03:00,18.82,EUR,Purchase,Completed,False,none
T0000121,A00071,M00062,2025-07-24 14:33:00,98.8,EUR,Purchase,Completed,False,none
T0000122,A00057,M00007,2025-11-22 19:27:00,51.43,GBP,Purchase,Completed,False,none
T0000123,A00094,M00002,2025-01-07 13:57:00,76.17,EUR,Purchase,Completed,False,none
T0000124,A00048,M00057,2025-07-15 11:56:00,68.31,EUR,Purchase,Completed,False,none
T0000125,A00091,M00070,2025-09-16 22:32:00,72.77,EUR,Purchase,Completed,False,none
T0000126,A00088,M00066,2025-11-26 15:09:00,135.36,EUR,Purchase,Completed,False,none
T0000127,A00113,M00064,2025-01-23 21:44:00,116.75,USD,Purchase,Completed,False,none
T0000128,A00030,M00032,2025-09-23 20:12:00,310.21,USD,Purchase,Completed,False,none
T0000129,A00080,M00068,2025-10-20 22:50:00,92.08,EUR,Purchase,Completed,False,none
T0000130,A00084,M00042,2025-05-09 07:36:00,452.66,EUR,Purchase,Completed,False,none
T0000131,A00110,M00044,2025-09-30 16:21:00,88.12,EUR,Purchase,Completed,False,none
T0000132,A00105,M00076,2025-06-30 09:58:00,85.09,EUR,Purchase,Completed,False,none
T0000133,A00066,M00053,2025-08-29 18:30:00,54.81,EUR,Purchase,Completed,False,none
T0000134,A00067,M00066,2025-05-23 19:23:00,40.57,EUR,Purchase,Completed,False,none
T0000135,A00017,M00013,2025-03-06 15:11:00,91.73,EUR,Purchase,Completed,False,none
T0000136,A00114,M00074,2025-10-30 14:38:00,88.55,EUR,Purchase,Completed,False,none
T0000137,A00031,M00066,2025-03-21 20:16:00,15.52,EUR,Purchase,Completed,False,none
T0000138,A00083,M00068,2025-03-10 09:09:00,27.52,EUR,Purchase,Completed,False,none
T0000139,A00087,M00059,2025-11-20 10:07:00,79.84,EUR,Purchase,Completed,False,none
T0000140,A00050,M00032,2025-12-08 16:38:00,140.65,USD,Purchase,Completed,False,none
T0000141,A00023,M00047,2025-08-11 04:55:00,124.72,GBP,Purchase,Completed,False,none
T0000142,A00021,M00029,2025-07-31 12:15:00,1116.86,EUR,Purchase,Completed,False,none
T0000143,A00096,M00046,2025-05-12 19:13:00,265.86,EUR,Purchase,Completed,False,none
T0000144,A00055,M00064,2025-08-12 20:36:00,14.37,USD,Purchase,Completed,False,none
T0000145,A00006,M00054,2025-08-11 19:08:00,51.25,EUR,Purchase,Completed,False,none
T0000146,A00082,M00016,2025-07-08 22:05:00,22.42,USD,Purchase,Completed,False,none
T0000147,A00030,M00008,2025-08-28 20:38:00,27.1,USD,Purchase,Completed,False,none
T0000148,A00099,M00073,2025-07-22 20:31:00,78.23,EUR,Purchase,Completed,False,none
T0000149,A00038,M00066,2025-11-17 13:01:00,98.59,EUR,Purchase,Completed,False,none
T0000150,A00022,M00074,2025-09-01 19:14:00,29.95,EUR,Purchase,Completed,False,none
T0000151,A00005,M00002,2025-05-21 14:11:00,228.26,EUR,Purchase,Completed,False,none
T0000152,A00055,M00022,2025-08-28 21:40:00,7.19,EUR,Purchase,Completed,False,none
T0000153,A00050,M00067,2025-03-25 20:39:00,70.04,EUR,Purchase,Completed,False,none
T0000154,A00084,M00066,2025-03-20 16:44:00,97.57,EUR,Purchase,Completed,False,none
T0000155,A00051,M00009,2025-10-29 13:05:00,84.95,EUR,Purchase,Completed,False,none
T0000156,A00041,M00076,2025-08-01 07:50:00,31.83,EUR,Purchase,Completed,False,none
T0000157,A00032,M00030,2025-01-20 22:12:00,320.41,EUR,Purchase,Completed,False,none
T0000158,A00034,M00015,2025-05-10 00:59:00,70.67,GBP,Purchase,Completed,False,none
T0000159,A00108,M00015,2025-12-26 17:52:00,29.08,GBP,Purchase,Completed,False,none
T0000160,A00017,M00015,2025-08-21 14:27:00,111.61,GBP,Purchase,Completed,False,none
T0000161,A00116,M00005,2025-11-14 12:47:00,41.24,EUR,Purchase,Completed,False,none
T0000162,A00040,M00077,2025-07-19 16:40:00,18.57,EUR,Purchase,Completed,False,none
T0000163,A00006,M00060,2025-01-16 20:46:00,20.88,EUR,Purchase,Completed,False,none
T0000164,A00030,M00072,2025-03-07 23:01:00,47.32,USD,Purchase,Completed,False,none
T0000165,A00004,M00051,2025-02-03 21:05:00,275.38,EUR,Purchase,Completed,False,none
T0000166,A00087,M00019,2025-09-26 14:54:00,8.8,EUR,Purchase,Completed,False,none
T0000167,A00055,M00022,2025-10-04 13:46:00,14.11,EUR,Purchase,Completed,False,none
T0000168,A00041,M00080,2025-06-16 11:36:00,28.23,USD,Purchase,Completed,False,none
T0000169,A00076,M00043,2025-09-22 23:18:00,292.61,EUR,Purchase,Declined,False,none
T0000170,A00071,M00054,2025-07-21 08:25:00,116.84,EUR,Purchase,Completed,False,none
T0000171,A00112,M00072,2025-09-28 16:23:00,40.61,USD,Refund,Completed,False,none
T0000172,A00113,M00059,2025-09-03 23:26:00,39.96,EUR,Purchase,Completed,False,none
T0000173,A00078,M00019,2025-06-16 18:37:00,17.0,EUR,Purchase,Completed,False,none
T0000174,A00091,M00062,2025-08-27 03:45:00,32.42,EUR,Purchase,Completed,False,none
T0000175,A00087,M00019,2025-04-27 10:23:00,25.22,EUR,Purchase,Completed,False,none
T0000176,A00054,M00008,2025-10-01 12:50:00,15.76,USD,Purchase,Completed,False,none
T0000177,A00080,M00044,2025-11-30 23:05:00,129.4,EUR,Purchase,Completed,False,none
T0000178,A00005,M00054,2025-03-17 12:48:00,490.88,EUR,Purchase,Declined,False,none
T0000179,A00084,M00066,2025-09-01 11:40:00,55.27,EUR,Purchase,Completed,False,none
T0000180,A00113,M00003,2025-02-10 19:30:00,56.28,EUR,Purchase,Completed,False,none
T0000181,A00004,M00073,2025-05-18 19:22:00,39.84,EUR,Purchase,Completed,False,none
T0000182,A00093,M00077,2025-09-02 18:22:00,38.11,EUR,Purchase,Completed,False,none
T0000183,A00109,M00023,2025-04-12 15:21:00,10.6,GBP,Purchase,Completed,False,none
T0000184,A00027,M00076,2025-03-28 17:56:00,12.64,EUR,Purchase,Completed,False,none
T0000185,A00058,M00055,2025-05-21 21:01:00,63.72,GBP,Purchase,Completed,False,none
T0000186,A00107,M00039,2025-02-11 04:38:00,85.02,GBP,Refund,Completed,False,none
T0000187,A00113,M00059,2025-08-17 21:59:00,96.21,EUR,Purchase,Completed,False,none
T0000188,A00010,M00078,2025-02-17 16:32:00,13.64,EUR,Purchase,Completed,False,none
T0000189,A00041,M00080,2025-05-02 06:38:00,11.65,USD,Purchase,Completed,False,none
T0000190,A00079,M00041,2025-04-25 16:35:00,86.3,EUR,Purchase,Completed,False,none
T0000191,A00027,M00059,2025-12-20 17:30:00,41.51,EUR,Purchase,Completed,False,none
T0000192,A00040,M00037,2025-12-29 17:37:00,32.13,EUR,Purchase,Completed,False,none
T0000193,A00001,M00001,2025-01-29 10:54:00,28.29,EUR,Purchase,Completed,False,none
T0000194,A00013,M00005,2025-02-27 17:42:00,39.57,EUR,Refund,Completed,False,none
T0000195,A00063,M00028,2025-09-25 21:50:00,828.91,EUR,Purchase,Completed,False,none
T0000196,A00074,M00072,2025-04-19 08:33:00,103.37,USD,Purchase,Completed,False,none
T0000197,A00074,M00072,2025-08-24 04:46:00,52.9,USD,Purchase,Completed,False,none
T0000198,A00086,M00068,2025-12-03 15:52:00,94.8,EUR,Purchase,Completed,False,none
T0000199,A00046,M00062,2025-03-01 17:12:00,30.85,EUR,Purchase,Completed,False,none
T0000200,A00033,M00014,2025-12-18 12:51:00,67.23,EUR,Purchase,Completed,False,none
T0000201,A00001,M00017,2025-01-20 12:41:00,27.45,EUR,Purchase,Completed,False,none
T0000202,A00023,M00039,2025-03-25 16:26:00,13.48,GBP,Purchase,Completed,False,none
T0000203,A00038,M00034,2025-07-05 07:46:00,77.61,EUR,Refund,Completed,False,none
T0000204,A00019,M00062,2025-11-18 16:10:00,47.68,EUR,Purchase,Completed,False,none
T0000205,A00001,M00033,2025-07-22 10:41:00,76.71,EUR,Purchase,Completed,False,none
T0000206,A00015,M00070,2025-02-20 17:34:00,107.16,EUR,Purchase,Completed,False,none
T0000207,A00076,M00059,2025-04-01 15:53:00,139.31,EUR,Purchase,Completed,False,none
T0000208,A00071,M00070,2025-10-05 09:37:00,93.97,EUR,Purchase,Completed,False,none
T0000209,A00110,M00004,2025-07-24 18:31:00,75.72,EUR,Purchase,Completed,False,none
T0000210,A00088,M00066,2025-01-05 13:31:00,22.28,EUR,Purchase,Completed,False,none
T0000211,A00065,M00036,2025-07-03 16:33:00,29.41,EUR,Purchase,Completed,False,none
T0000212,A00011,M00002,2025-05-29 13:53:00,3.37,EUR,Purchase,Completed,False,none
T0000213,A00063,M00032,2025-01-01 13:47:00,358.23,USD,Purchase,Completed,False,none
T0000214,A00004,M00072,2025-04-01 18:05:00,83.59,USD,Purchase,Completed,False,none
T0000215,A00048,M00055,2025-12-08 12:31:00,116.42,GBP,Purchase,Completed,False,none
T0000216,A00043,M00047,2025-09-14 13:17:00,46.12,GBP,Purchase,Completed,False,none
T0000217,A00048,M00039,2025-01-26 09:09:00,45.05,GBP,Purchase,Completed,False,none
T0000218,A00034,M00004,2025-01-06 20:51:00,59.91,EUR,Purchase,Completed,False,none
T0000219,A00078,M00030,2025-05-07 20:51:00,79.05,EUR,Purchase,Completed,False,none
T0000220,A00093,M00012,2025-06-19 11:56:00,79.22,EUR,Purchase,Completed,False,none
T0000221,A00085,M00022,2025-06-15 17:23:00,9.87,EUR,Purchase,Completed,False,none
T0000222,A00071,M00070,2025-09-12 15:25:00,109.04,EUR,Purchase,Completed,False,none
T0000223,A00059,M00066,2025-03-05 16:46:00,108.42,EUR,Purchase,Completed,False,none
T0000224,A00002,M00018,2025-01-18 17:11:00,12.6,EUR,Purchase,Completed,False,none
T0000225,A00083,M00020,2025-09-03 13:03:00,12.79,EUR,Purchase,Completed,False,none
T0000226,A00059,M00026,2025-11-24 12:25:00,104.06,EUR,Purchase,Completed,False,none
T0000227,A00033,M00047,2025-03-03 13:37:00,207.34,GBP,Purchase,Completed,False,none
T0000228,A00040,M00013,2025-05-12 16:27:00,13.77,EUR,Purchase,Completed,False,none
T0000229,A00110,M00044,2025-08-17 18:12:00,110.76,EUR,Purchase,Completed,False,none
T0000230,A00071,M00070,2025-03-02 13:31:00,100.67,EUR,Purchase,Completed,False,none
T0000231,A00053,M00052,2025-11-10 14:56:00,73.18,EUR,Purchase,Completed,False,none
T0000232,A00070,M00024,2025-03-24 11:16:00,26.23,USD,Refund,Completed,False,none
T0000233,A00046,M00046,2025-07-14 18:24:00,104.69,EUR,Purchase,Completed,False,none
T0000234,A00051,M00057,2025-05-04 19:18:00,25.04,EUR,Purchase,Completed,False,none
T0000235,A00035,M00045,2025-09-01 16:17:00,198.07,EUR,Purchase,Completed,False,none
T0000236,A00049,M00016,2025-03-14 11:39:00,57.44,USD,Purchase,Completed,False,none
T0000237,A00078,M00041,2025-02-05 17:22:00,62.37,EUR,Purchase,Completed,False,none
T0000238,A00005,M00054,2025-07-06 19:37:00,214.51,EUR,Purchase,Completed,False,none
T0000239,A00087,M00019,2025-11-12 08:01:00,68.65,EUR,Purchase,Completed,False,none
T0000240,A00034,M00007,2025-08-20 22:39:00,64.19,GBP,Refund,Completed,False,none
T0000241,A00078,M00027,2025-10-03 16:06:00,110.76,EUR,Purchase,Completed,False,none
T0000242,A00072,M00011,2025-06-08 10:22:00,28.76,EUR,Purchase,Completed,False,none
T0000243,A00074,M00056,2025-02-21 09:52:00,112.02,USD,Refund,Completed,False,none
T0000244,A00069,M00042,2025-06-05 19:20:00,571.0,EUR,Purchase,Completed,False,none
T0000245,A00113,M00059,2025-12-27 20:41:00,56.11,EUR,Purchase,Completed,False,none
T0000246,A00055,M00064,2025-10-13 16:21:00,19.5,USD,Purchase,Completed,False,none
T0000247,A00083,M00077,2025-09-14 13:54:00,8.38,EUR,Purchase,Completed,False,none
T0000248,A00080,M00012,2025-04-20 22:57:00,38.15,EUR,Purchase,Completed,False,none
T0000249,A00027,M00006,2025-08-07 19:54:00,54.42,EUR,Purchase,Completed,False,none
T0000250,A00034,M00047,2025-08-16 19:23:00,221.38,GBP,Purchase,Completed,False,none
T0000251,A00047,M00050,2025-08-27 15:19:00,39.52,EUR,Purchase,Completed,False,none
T0000252,A00034,M00055,2025-11-22 17:36:00,266.24,GBP,Purchase,Completed,False,none
T0000253,A00042,M00009,2025-09-06 11:49:00,11.92,EUR,Purchase,Completed,False,none
T0000254,A00043,M00023,2025-03-22 09:31:00,36.79,GBP,Purchase,Completed,False,none
T0000255,A00068,M00015,2025-03-22 13:44:00,9.21,GBP,Purchase,Completed,False,none
T0000256,A00026,M00053,2025-08-15 21:52:00,179.03,EUR,Purchase,Completed,False,none
T0000257,A00088,M00068,2025-11-13 11:45:00,70.97,EUR,Purchase,Completed,False,none
T0000258,A00049,M00030,2025-12-13 10:22:00,119.88,EUR,Purchase,Completed,False,none
T0000259,A00080,M00033,2025-08-11 02:14:00,138.22,EUR,Purchase,Completed,False,none
T0000260,A00004,M00033,2025-07-13 19:26:00,155.82,EUR,Purchase,Completed,False,none
T0000261,A00051,M00049,2025-10-25 14:34:00,85.6,EUR,Purchase,Completed,False,none
T0000262,A00002,M00007,2025-12-23 16:50:00,10.63,GBP,Purchase,Completed,False,none
T0000263,A00076,M00064,2025-01-11 13:18:00,199.76,USD,Purchase,Completed,False,none
T0000264,A00041,M00080,2025-04-24 09:09:00,26.19,USD,Purchase,Completed,False,none
T0000265,A00112,M00016,2025-05-02 14:18:00,20.48,USD,Purchase,Completed,False,none
T0000266,A00040,M00037,2025-07-25 17:35:00,16.47,EUR,Purchase,Completed,False,none
T0000267,A00063,M00039,2025-04-18 16:13:00,183.22,GBP,Purchase,Completed,False,none
T0000268,A00031,M00068,2025-04-24 18:23:00,22.15,EUR,Purchase,Completed,False,none
T0000269,A00070,M00016,2025-01-09 10:15:00,152.32,USD,Purchase,Completed,False,none
T0000270,A00051,M00025,2025-01-02 10:59:00,246.42,EUR,Purchase,Completed,False,none
T0000271,A00042,M00049,2025-06-14 09:30:00,43.31,EUR,Purchase,Completed,False,none
T0000272,A00022,M00026,2025-12-31 19:43:00,371.96,EUR,Refund,Completed,False,none
T0000273,A00008,M00015,2025-04-18 16:31:00,46.02,GBP,Purchase,Completed,False,none
T0000274,A00009,M00025,2025-03-29 00:00:00,245.53,EUR,Purchase,Completed,False,none
T0000275,A00119,M00016,2025-04-07 15:15:00,6.95,USD,Purchase,Completed,False,none
T0000276,A00046,M00054,2025-12-22 12:50:00,75.79,EUR,Purchase,Completed,False,none
T0000277,A00001,M00061,2025-08-31 11:30:00,73.63,EUR,Purchase,Completed,False,none
T0000278,A00112,M00016,2025-08-27 18:42:00,702.78,USD,Purchase,Completed,True,high_amount
T0000279,A00001,M00057,2025-03-11 10:45:00,27.02,EUR,Refund,Completed,False,none
T0000280,A00047,M00043,2025-11-26 12:33:00,42.74,EUR,Purchase,Completed,False,none
T0000281,A00082,M00038,2025-03-13 00:34:00,67.17,EUR,Purchase,Completed,False,none
T0000282,A00107,M00015,2025-12-20 13:14:00,29.76,GBP,Purchase,Completed,False,none
T0000283,A00080,M00052,2025-12-14 21:14:00,69.57,EUR,Purchase,Completed,False,none
T0000284,A00051,M00073,2025-07-27 15:08:00,70.18,EUR,Purchase,Completed,False,none
T0000285,A00114,M00034,2025-11-13 16:17:00,73.29,EUR,Purchase,Completed,False,none
T0000286,A00004,M00006,2025-12-31 21:37:00,25.99,EUR,Purchase,Completed,False,none
T0000287,A00116,M00014,2025-07-31 13:55:00,10.51,EUR,Purchase,Completed,False,none
T0000288,A00093,M00009,2025-10-08 14:26:00,63.6,EUR,Purchase,Completed,False,none
T0000289,A00109,M00055,2025-08-04 17:36:00,38.85,GBP,Purchase,Completed,False,none
T0000290,A00031,M00023,2025-07-11 16:51:00,8.29,GBP,Purchase,Completed,False,none
T0000291,A00012,M00073,2025-05-03 16:40:00,5.29,EUR,Refund,Completed,False,none
T0000292,A00076,M00059,2025-08-28 13:15:00,264.03,EUR,Purchase,Completed,False,none
T0000293,A00057,M00028,2025-04-08 13:16:00,899.31,EUR,Purchase,Completed,False,none
T0000294,A00057,M00080,2025-03-12 16:38:00,30.55,USD,Purchase,Completed,False,none
T0000295,A00107,M00011,2025-04-11 17:17:00,48.28,EUR,Purchase,Completed,False,none
T0000296,A00070,M00063,2025-01-05 04:14:00,32.74,GBP,Purchase,Completed,False,none
T0000297,A00038,M00002,2025-12-07 15:35:00,37.83,EUR,Purchase,Completed,False,none
T0000298,A00044,M00056,2025-04-04 11:38:00,230.07,USD,Purchase,Completed,False,none
T0000299,A00010,M00078,2025-10-19 20:15:00,28.19,EUR,Purchase,Completed,False,none
T0000300,A00021,M00013,2025-06-08 14:02:00,34.61,EUR,Purchase,Completed,False,none
T0000301,A00012,M00073,2025-05-04 13:46:00,6.78,EUR,Purchase,Completed,False,none
T0000302,A00090,M00005,2025-03-25 17:23:00,22.19,EUR,Purchase,Completed,False,none
T0000303,A00080,M00012,2025-10-27 16:37:00,5.02,EUR,Purchase,Completed,False,none
T0000304,A00058,M00063,2025-07-07 21:10:00,48.5,GBP,Purchase,Completed,False,none
T0000305,A00043,M00031,2025-06-14 10:18:00,110.81,GBP,Purchase,Completed,False,none
T0000306,A00076,M00067,2025-08-29 17:36:00,111.72,EUR,Purchase,Completed,False,none
T0000307,A00091,M00062,2025-10-20 22:07:00,75.9,EUR,Purchase,Completed,False,none
T0000308,A00102,M00043,2025-08-28 10:19:00,257.22,EUR,Purchase,Completed,False,none
T0000309,A00061,M00027,2025-06-20 10:43:00,106.26,EUR,Purchase,Completed,False,none
T0000310,A00091,M00038,2025-11-23 21:46:00,205.27,EUR,Purchase,Completed,False,none
T0000311,A00056,M00062,2025-11-23 14:21:00,9.84,EUR,Purchase,Completed,False,none
T0000312,A00053,M00012,2025-12-19 14:06:00,68.93,EUR,Purchase,Completed,False,none
T0000313,A00098,M00046,2025-02-03 13:01:00,63.21,EUR,Purchase,Completed,False,none
T0000314,A00043,M00023,2025-11-22 12:33:00,13.78,GBP,Purchase,Completed,False,none
T0000315,A00044,M00039,2025-03-12 09:41:00,46.83,GBP,Purchase,Completed,False,none
T0000316,A00037,M00036,2025-08-15 18:35:00,87.27,EUR,Purchase,Completed,False,none
T0000317,A00057,M00079,2025-08-29 13:24:00,61.31,GBP,Purchase,Completed,False,none
T0000318,A00059,M00066,2025-03-17 18:01:00,47.11,EUR,Purchase,Completed,False,none
T0000319,A00076,M00067,2025-01-03 20:13:00,141.3,EUR,Purchase,Completed,False,none
T0000320,A00048,M00039,2025-12-11 10:02:00,42.09,GBP,Purchase,Declined,False,none
T0000321,A00026,M00029,2025-11-22 18:27:00,77.92,EUR,Purchase,Completed,False,none
T0000322,A00098,M00014,2025-03-05 06:18:00,7.43,EUR,Purchase,Completed,False,none
T0000323,A00041,M00080,2025-08-08 08:04:00,8.37,USD,Refund,Completed,False,none
T0000324,A00107,M00015,2025-02-25 16:36:00,33.27,GBP,Purchase,Completed,False,none
T0000325,A00023,M00031,2025-07-26 14:22:00,82.42,GBP,Purchase,Completed,False,none
T0000326,A00063,M00018,2025-04-26 17:57:00,63.66,EUR,Purchase,Completed,False,none
T0000327,A00059,M00066,2025-10-02 14:25:00,231.49,EUR,Purchase,Completed,False,none
T0000328,A00092,M00072,2025-07-29 11:05:00,6.64,USD,Purchase,Completed,False,none
T0000329,A00011,M00066,2025-07-01 16:42:00,43.29,EUR,Purchase,Completed,False,none
T0000330,A00107,M00015,2025-09-06 15:42:00,42.07,GBP,Purchase,Completed,False,none
T0000331,A00058,M00076,2025-06-23 16:55:00,60.57,EUR,Purchase,Completed,False,none
T0000332,A00067,M00018,2025-01-05 15:41:00,27.35,EUR,Purchase,Completed,False,none
T0000333,A00055,M00022,2025-08-06 18:21:00,9.83,EUR,Purchase,Completed,False,none
T0000334,A00002,M00031,2025-10-11 20:40:00,51.28,GBP,Purchase,Completed,False,none
T0000335,A00054,M00008,2025-06-28 11:47:00,12.15,USD,Purchase,Completed,False,none
T0000336,A00033,M00020,2025-03-05 14:30:00,49.84,EUR,Purchase,Completed,False,none
T0000337,A00041,M00056,2025-01-03 11:47:00,17.95,USD,Purchase,Completed,False,none
T0000338,A00074,M00056,2025-04-19 12:58:00,164.25,USD,Purchase,Completed,False,none
T0000339,A00054,M00031,2025-10-08 15:45:00,64.49,GBP,Purchase,Completed,False,none
T0000340,A00007,M00076,2025-04-28 12:30:00,35.36,EUR,Purchase,Completed,False,none
T0000341,A00004,M00070,2025-12-15 17:29:00,115.57,EUR,Purchase,Completed,False,none
T0000342,A00019,M00062,2025-05-02 15:50:00,46.6,EUR,Purchase,Completed,False,none
T0000343,A00021,M00021,2025-06-06 19:52:00,55.12,EUR,Purchase,Completed,False,none
T0000344,A00069,M00054,2025-10-05 18:15:00,1573.3,EUR,Purchase,Completed,False,none
T0000345,A00019,M00006,2025-08-13 16:00:00,87.06,EUR,Purchase,Completed,False,none
T0000346,A00101,M00027,2025-01-15 12:48:00,81.09,EUR,Purchase,Completed,False,none
T0000347,A00023,M00007,2025-01-28 11:14:00,25.72,GBP,Purchase,Completed,False,none
T0000348,A00006,M00052,2025-03-13 22:59:00,151.42,EUR,Purchase,Completed,False,none
T0000349,A00099,M00049,2025-11-15 17:02:00,116.38,EUR,Purchase,Completed,False,none
T0000350,A00036,M00052,2025-01-09 09:54:00,72.67,EUR,Purchase,Completed,False,none
T0000351,A00048,M00039,2025-01-27 13:40:00,633.74,GBP,Purchase,Completed,True,high_amount
T0000352,A00113,M00059,2025-10-12 17:18:00,83.01,EUR,Purchase,Completed,False,none
T0000353,A00112,M00011,2025-08-16 17:02:00,15.11,EUR,Purchase,Completed,False,none
T0000354,A00081,M00007,2025-12-26 16:50:00,36.18,GBP,Purchase,Completed,False,none
T0000355,A00004,M00046,2025-03-22 11:07:00,449.89,EUR,Purchase,Completed,False,none
T0000356,A00067,M00034,2025-08-29 15:05:00,51.9,EUR,Purchase,Completed,False,none
T0000357,A00116,M00045,2025-02-19 11:47:00,234.18,EUR,Purchase,Declined,False,none
T0000358,A00112,M00016,2025-08-04 16:40:00,16.87,USD,Purchase,Completed,False,none
T0000359,A00008,M00049,2025-02-08 17:07:00,547.01,EUR,Purchase,Completed,False,none
T0000360,A00044,M00039,2025-11-28 14:20:00,25.18,GBP,Purchase,Completed,False,none
T0000361,A00038,M00002,2025-06-01 18:39:00,14.69,EUR,Purchase,Completed,False,none
T0000362,A00010,M00055,2025-04-04 12:39:00,112.87,GBP,Purchase,Completed,False,none
T0000363,A00079,M00041,2025-12-26 17:21:00,98.07,EUR,Purchase,Completed,False,none
T0000364,A00033,M00012,2025-01-25 19:24:00,52.22,EUR,Purchase,Completed,False,none
T0000365,A00041,M00075,2025-10-19 11:04:00,15.14,EUR,Purchase,Completed,False,none
T0000366,A00006,M00036,2025-07-06 19:00:00,64.55,EUR,Purchase,Completed,False,none
T0000367,A00054,M00056,2025-09-08 23:58:00,26.3,USD,Purchase,Completed,False,none
T0000368,A00015,M00069,2025-04-06 17:13:00,86.06,EUR,Purchase,Declined,False,none
T0000369,A00048,M00055,2025-11-18 14:55:00,78.57,GBP,Refund,Completed,False,none
T0000370,A00012,M00073,2025-06-14 15:02:00,20.88,EUR,Purchase,Completed,False,none
T0000371,A00112,M00016,2025-06-02 13:59:00,564.33,USD,Purchase,Completed,True,high_amount
T0000372,A00012,M00001,2025-06-16 15:25:00,9.37,EUR,Purchase,Completed,False,none
T0000373,A00057,M00031,2025-04-19 18:48:00,108.05,GBP,Purchase,Completed,False,none
T0000374,A00022,M00074,2025-04-27 20:50:00,35.15,EUR,Purchase,Completed,False,none
T0000375,A00004,M00078,2025-02-21 17:21:00,27.23,EUR,Purchase,Completed,False,none
T0000376,A00022,M00025,2025-06-27 18:44:00,91.96,EUR,Purchase,Completed,False,none
T0000377,A00004,M00070,2025-06-23 15:20:00,175.54,EUR,Purchase,Completed,False,none
T0000378,A00011,M00047,2025-05-19 15:47:00,31.45,GBP,Purchase,Completed,False,none
T0000379,A00054,M00008,2025-12-26 17:57:00,39.77,USD,Purchase,Completed,False,none
T0000380,A00074,M00072,2025-02-11 11:48:00,87.73,USD,Purchase,Completed,False,none
T0000381,A00004,M00054,2025-11-29 13:43:00,170.94,EUR,Purchase,Completed,False,none
T0000382,A00050,M00027,2025-11-13 17:22:00,88.2,EUR,Purchase,Completed,False,none
T0000383,A00067,M00063,2025-01-09 12:06:00,56.17,GBP,Refund,Completed,False,none
T0000384,A00027,M00027,2025-09-13 19:30:00,149.76,EUR,Purchase,Declined,False,none
T0000385,A00042,M00049,2025-03-18 10:07:00,30.73,EUR,Purchase,Completed,False,none
T0000386,A00004,M00046,2025-01-16 21:30:00,366.48,EUR,Purchase,Completed,False,none
T0000387,A00026,M00005,2025-11-11 15:52:00,16.87,EUR,Purchase,Completed,False,none
T0000388,A00051,M00031,2025-02-12 15:06:00,88.15,GBP,Purchase,Completed,False,none
T0000389,A00117,M00073,2025-04-20 20:54:00,13.98,EUR,Purchase,Completed,False,none
T0000390,A00119,M00049,2025-02-05 11:35:00,56.2,EUR,Purchase,Completed,False,none
T0000391,A00116,M00003,2025-02-21 11:02:00,25.03,EUR,Purchase,Completed,False,none
T0000392,A00047,M00050,2025-01-23 15:43:00,66.21,EUR,Purchase,Completed,False,none
T0000393,A00004,M00078,2025-11-04 14:00:00,32.99,EUR,Purchase,Completed,False,none
T0000394,A00040,M00077,2025-01-22 18:36:00,11.09,EUR,Purchase,Completed,False,none
T0000395,A00027,M00027,2025-10-05 21:30:00,140.9,EUR,Purchase,Completed,False,none
T0000396,A00001,M00017,2025-02-27 08:44:00,12.31,EUR,Purchase,Completed,False,none
T0000397,A00007,M00076,2025-11-30 15:22:00,57.13,EUR,Purchase,Completed,False,none
T0000398,A00050,M00067,2025-11-06 16:07:00,72.13,EUR,Purchase,Completed,False,none
T0000399,A00041,M00080,2025-08-18 06:23:00,11.15,USD,Purchase,Completed,False,none
T0000400,A00019,M00062,2025-10-30 20:45:00,52.06,EUR,Purchase,Completed,False,none
T0000401,A00082,M00034,2025-04-19 15:57:00,45.78,EUR,Purchase,Completed,False,none
T0000402,A00042,M00009,2025-10-13 13:12:00,15.44,EUR,Purchase,Completed,False,none
T0000403,A00094,M00042,2025-03-22 10:21:00,209.31,EUR,Purchase,Completed,False,none
T0000404,A00029,M00018,2025-08-13 15:52:00,19.55,EUR,Purchase,Completed,False,none
T0000405,A00060,M00026,2025-12-02 09:18:00,169.65,EUR,Purchase,Completed,False,none
T0000406,A00019,M00062,2025-09-22 18:14:00,32.71,EUR,Purchase,Completed,False,none
T0000407,A00054,M00032,2025-04-09 18:49:00,37.27,USD,Purchase,Completed,False,none
T0000408,A00013,M00050,2025-09-27 10:29:00,81.33,EUR,Purchase,Completed,False,none
T0000409,A00015,M00066,2025-11-19 13:34:00,101.58,EUR,Purchase,Completed,False,none
T0000410,A00069,M00062,2025-11-21 18:29:00,147.15,EUR,Purchase,Completed,False,none
T0000411,A00033,M00054,2025-09-27 18:36:00,106.22,EUR,Purchase,Completed,False,none
T0000412,A00019,M00062,2025-09-25 11:16:00,37.15,EUR,Purchase,Completed,False,none
T0000413,A00109,M00004,2025-10-14 20:43:00,67.2,EUR,Purchase,Completed,False,none
T0000414,A00004,M00070,2025-09-26 18:21:00,35.15,EUR,Purchase,Completed,False,none
T0000415,A00065,M00017,2025-02-18 16:31:00,34.28,EUR,Purchase,Completed,False,none
T0000416,A00062,M00004,2025-10-21 16:11:00,20.42,EUR,Purchase,Completed,False,none
T0000417,A00030,M00008,2025-03-07 13:00:00,20.87,USD,Purchase,Completed,False,none
T0000418,A00050,M00070,2025-07-23 17:34:00,56.37,EUR,Purchase,Completed,False,none
T0000419,A00004,M00069,2025-05-04 14:08:00,433.25,EUR,Purchase,Completed,False,none
T0000420,A00082,M00074,2025-03-19 21:54:00,56.22,EUR,Purchase,Completed,False,none
T0000421,A00027,M00075,2025-04-13 17:57:00,44.25,EUR,Purchase,Completed,False,none
T0000422,A00021,M00069,2025-01-31 16:18:00,98.56,EUR,Purchase,Completed,False,none
T0000423,A00038,M00002,2025-06-10 12:17:00,16.1,EUR,Purchase,Completed,False,none
T0000424,A00105,M00076,2025-06-02 16:30:00,43.65,EUR,Purchase,Completed,False,none
T0000425,A00087,M00064,2025-05-28 08:12:00,55.94,USD,Purchase,Completed,False,none
T0000426,A00112,M00080,2025-02-03 23:51:00,19.49,USD,Purchase,Completed,False,none
T0000427,A00074,M00016,2025-08-10 15:06:00,43.75,USD,Purchase,Completed,False,none
T0000428,A00076,M00008,2025-03-03 22:27:00,72.35,USD,Purchase,Completed,False,none
T0000429,A00053,M00076,2025-11-09 21:11:00,45.61,EUR,Purchase,Completed,False,none
T0000430,A00106,M00060,2025-01-09 13:49:00,22.09,EUR,Purchase,Completed,False,none
T0000431,A00056,M00018,2025-01-21 20:08:00,11.22,EUR,Purchase,Completed,False,none
T0000432,A00042,M00049,2025-04-20 11:26:00,27.63,EUR,Purchase,Completed,False,none
T0000433,A00073,M00006,2025-05-29 06:50:00,45.0,EUR,Purchase,Completed,False,none
T0000434,A00061,M00020,2025-12-21 19:26:00,43.7,EUR,Purchase,Completed,False,none
T0000435,A00009,M00077,2025-07-11 21:11:00,15.26,EUR,Purchase,Completed,False,none
T0000436,A00043,M00063,2025-05-19 10:09:00,39.8,GBP,Purchase,Completed,False,none
T0000437,A00038,M00071,2025-11-02 10:36:00,68.41,GBP,Purchase,Completed,False,none
T0000438,A00093,M00012,2025-03-29 14:07:00,43.98,EUR,Purchase,Completed,False,none
T0000439,A00043,M00015,2025-11-24 05:21:00,21.05,GBP,Purchase,Completed,False,none
T0000440,A00092,M00064,2025-05-28 14:36:00,13.7,USD,Purchase,Completed,False,none
T0000441,A00050,M00027,2025-04-25 10:22:00,102.15,EUR,Purchase,Completed,False,none
T0000442,A00084,M00007,2025-04-20 13:49:00,40.2,GBP,Purchase,Completed,False,none
T0000443,A00010,M00075,2025-01-04 13:41:00,31.27,EUR,Purchase,Completed,False,none
T0000444,A00107,M00076,2025-09-03 12:08:00,24.96,EUR,Purchase,Completed,False,none
T0000445,A00053,M00044,2025-07-30 18:49:00,406.73,EUR,Purchase,Completed,False,none
T0000446,A00032,M00030,2025-08-20 17:54:00,318.08,EUR,Purchase,Completed,False,none
T0000447,A00028,M00021,2025-08-26 18:12:00,32.47,EUR,Purchase,Completed,False,none
T0000448,A00033,M00004,2025-01-10 13:21:00,67.44,EUR,Purchase,Completed,False,none
T0000449,A00042,M00025,2025-11-17 09:23:00,39.81,EUR,Purchase,Completed,False,none
T0000450,A00082,M00038,2025-07-06 12:25:00,38.66,EUR,Purchase,Completed,False,none
T0000451,A00112,M00016,2025-09-10 09:27:00,30.74,USD,Purchase,Completed,False,none
T0000452,A00076,M00056,2025-01-14 22:53:00,107.93,USD,Purchase,Completed,False,none
T0000453,A00061,M00043,2025-10-05 20:39:00,343.04,EUR,Purchase,Completed,False,none
T0000454,A00050,M00027,2025-09-05 15:53:00,118.0,EUR,Purchase,Completed,False,none
T0000455,A00092,M00038,2025-05-15 09:21:00,16.87,EUR,Purchase,Completed,False,none
T0000456,A00093,M00016,2025-12-08 15:31:00,46.26,USD,Purchase,Completed,False,none
T0000457,A00035,M00021,2025-08-26 17:06:00,100.97,EUR,Purchase,Completed,False,none
T0000458,A00112,M00011,2025-11-28 14:16:00,25.46,EUR,Purchase,Completed,False,none
T0000459,A00044,M00055,2025-10-27 14:35:00,27.35,GBP,Purchase,Completed,False,none
T0000460,A00089,M00066,2025-03-17 14:10:00,14.94,EUR,Purchase,Completed,False,none
T0000461,A00113,M00061,2025-12-30 17:57:00,80.83,EUR,Purchase,Completed,False,none
T0000462,A00080,M00038,2025-09-29 17:16:00,115.62,EUR,Purchase,Completed,False,none
T0000463,A00015,M00061,2025-03-11 16:09:00,31.08,EUR,Purchase,Completed,False,none
T0000464,A00067,M00038,2025-10-17 11:46:00,102.5,EUR,Purchase,Completed,False,none
T0000465,A00009,M00025,2025-06-06 19:05:00,212.13,EUR,Purchase,Completed,False,none
T0000466,A00087,M00059,2025-11-12 11:19:00,68.18,EUR,Purchase,Completed,False,none
T0000467,A00034,M00015,2025-03-05 22:11:00,34.35,GBP,Purchase,Completed,False,none
T0000468,A00079,M00033,2025-04-05 22:41:00,74.13,EUR,Purchase,Completed,False,none
T0000469,A00107,M00015,2025-05-07 15:50:00,67.92,GBP,Purchase,Completed,False,none
T0000470,A00019,M00006,2025-06-14 21:11:00,55.38,EUR,Purchase,Declined,False,none
T0000471,A00043,M00071,2025-08-19 05:24:00,37.59,GBP,Purchase,Completed,False,none
T0000472,A00074,M00004,2025-03-22 07:28:00,42.59,EUR,Purchase,Completed,False,none
T0000473,A00047,M00010,2025-09-15 16:41:00,41.46,EUR,Purchase,Completed,False,none
T0000474,A00019,M00006,2025-01-09 00:21:00,51.1,EUR,Purchase,Completed,False,none
T0000475,A00002,M00055,2025-05-01 13:31:00,48.14,GBP,Purchase,Completed,False,none
T0000476,A00045,M00035,2025-08-29 16:30:00,39.53,EUR,Purchase,Completed,False,none
T0000477,A00074,M00070,2025-04-07 12:00:00,93.39,EUR,Purchase,Completed,False,none
T0000478,A00066,M00037,2025-06-07 15:34:00,69.0,EUR,Purchase,Completed,False,none
T0000479,A00014,M00006,2025-08-10 14:34:00,48.79,EUR,Purchase,Completed,False,none
T0000480,A00050,M00075,2025-04-01 16:59:00,46.27,EUR,Purchase,Completed,False,none
T0000481,A00042,M00017,2025-12-18 12:30:00,12.95,EUR,Purchase,Completed,False,none
T0000482,A00033,M00004,2025-11-06 22:53:00,42.5,EUR,Purchase,Completed,False,none
T0000483,A00083,M00068,2025-12-21 16:20:00,45.1,EUR,Purchase,Completed,False,none
T0000484,A00038,M00002,2025-06-30 18:41:00,43.23,EUR,Purchase,Completed,False,none
T0000485,A00059,M00026,2025-05-06 12:54:00,137.43,EUR,Purchase,Completed,False,none
T0000486,A00107,M00039,2025-12-30 14:09:00,335.35,GBP,Purchase,Completed,False,none
T0000487,A00059,M00050,2025-09-23 12:34:00,44.7,EUR,Purchase,Completed,False,none
T0000488,A00070,M00012,2025-10-17 06:55:00,70.55,EUR,Purchase,Completed,False,none
T0000489,A00004,M00043,2025-03-08 17:33:00,204.3,EUR,Purchase,Completed,False,none
T0000490,A00019,M00062,2025-11-14 17:53:00,54.67,EUR,Purchase,Completed,False,none
T0000491,A00008,M00015,2025-07-12 15:25:00,231.06,GBP,Purchase,Completed,False,none
T0000492,A00084,M00002,2025-10-10 13:53:00,23.59,EUR,Purchase,Completed,False,none
T0000493,A00093,M00012,2025-10-29 13:37:00,42.48,EUR,Purchase,Completed,False,none
T0000494,A00019,M00062,2025-02-08 20:28:00,50.38,EUR,Purchase,Completed,False,none
T0000495,A00026,M00077,2025-02-06 15:12:00,19.08,EUR,Purchase,Completed,False,none
T0000496,A00040,M00036,2025-01-24 22:10:00,28.91,EUR,Purchase,Completed,False,none
T0000497,A00067,M00050,2025-08-23 13:17:00,13.75,EUR,Purchase,Completed,True,unusual_category
T0000498,A00070,M00028,2025-12-01 11:45:00,248.64,EUR,Purchase,Completed,False,none
T0000499,A00078,M00045,2025-01-11 17:28:00,80.46,EUR,Purchase,Completed,False,none
T0000500,A00105,M00061,2025-02-20 15:23:00,23.72,EUR,Purchase,Completed,False,none
T0000501,A00036,M00028,2025-06-27 09:28:00,200.28,EUR,Purchase,Completed,False,none
T0000502,A00075,M00028,2025-05-23 08:20:00,40.79,EUR,Purchase,Completed,False,none
T0000503,A00062,M00076,2025-02-07 19:48:00,94.25,EUR,Purchase,Completed,False,none
T0000504,A00037,M00033,2025-08-11 20:23:00,38.32,EUR,Purchase,Completed,False,none
T0000505,A00105,M00060,2025-11-27 15:28:00,36.21,EUR,Purchase,Completed,False,none
T0000506,A00007,M00078,2025-03-19 15:33:00,58.02,EUR,Purchase,Completed,False,none
T0000507,A00080,M00076,2025-01-02 17:38:00,18.25,EUR,Purchase,Completed,False,none
T0000508,A00083,M00004,2025-03-24 12:20:00,9.23,EUR,Purchase,Completed,False,none
T0000509,A00107,M00015,2025-03-09 18:04:00,128.73,GBP,Purchase,Completed,False,none
T0000510,A00057,M00032,2025-06-20 15:41:00,157.58,USD,Purchase,Completed,False,none
T0000511,A00040,M00005,2025-02-09 22:33:00,10.16,EUR,Purchase,Completed,False,none
T0000512,A00092,M00056,2025-05-12 10:38:00,26.6,USD,Purchase,Completed,False,none
T0000513,A00085,M00006,2025-02-13 16:32:00,34.66,EUR,Purchase,Completed,False,none
T0000514,A00054,M00064,2025-09-04 16:30:00,26.95,USD,Purchase,Completed,False,none
T0000515,A00085,M00006,2025-06-21 14:56:00,14.88,EUR,Purchase,Completed,False,none
T0000516,A00033,M00052,2025-01-28 16:03:00,118.92,EUR,Purchase,Completed,False,none
T0000517,A00067,M00034,2025-01-16 15:05:00,44.77,EUR,Purchase,Completed,False,none
T0000518,A00098,M00022,2025-06-28 14:56:00,11.72,EUR,Purchase,Completed,False,none
T0000519,A00039,M00079,2025-08-05 15:53:00,35.58,GBP,Purchase,Completed,False,none
T0000520,A00053,M00004,2025-03-05 19:24:00,120.11,EUR,Purchase,Completed,False,none
T0000521,A00112,M00016,2025-04-29 16:32:00,24.14,USD,Purchase,Completed,False,none
T0000522,A00088,M00072,2025-08-10 14:26:00,35.84,USD,Purchase,Completed,False,none
T0000523,A00101,M00051,2025-06-21 18:59:00,37.42,EUR,Purchase,Completed,False,none
T0000524,A00043,M00031,2025-02-12 14:27:00,55.65,GBP,Purchase,Completed,False,none
T0000525,A00119,M00011,2025-05-23 14:45:00,10.75,EUR,Purchase,Completed,False,none
T0000526,A00013,M00021,2025-03-14 13:21:00,13.61,EUR,Purchase,Completed,False,none
T0000527,A00057,M00023,2025-12-05 14:22:00,34.83,GBP,Purchase,Completed,False,none
T0000528,A00053,M00004,2025-10-21 16:40:00,23.1,EUR,Purchase,Completed,False,none
T0000529,A00088,M00066,2025-04-24 15:23:00,52.8,EUR,Purchase,Completed,False,none
T0000530,A00105,M00060,2025-03-27 16:00:00,41.65,EUR,Purchase,Completed,False,none
T0000531,A00083,M00020,2025-02-19 17:10:00,7.44,EUR,Purchase,Completed,False,none
T0000532,A00071,M00038,2025-09-27 08:52:00,81.99,EUR,Purchase,Completed,False,none
T0000533,A00048,M00051,2025-12-02 14:22:00,161.51,EUR,Purchase,Completed,False,none
T0000534,A00055,M00022,2025-04-10 17:06:00,12.12,EUR,Purchase,Completed,False,none
T0000535,A00055,M00022,2025-08-22 14:56:00,10.19,EUR,Purchase,Declined,False,none
T0000536,A00001,M00009,2025-03-27 14:59:00,14.1,EUR,Purchase,Completed,False,none
T0000537,A00056,M00064,2025-12-01 21:29:00,11.49,USD,Purchase,Completed,False,none
T0000538,A00096,M00013,2025-04-20 17:37:00,20.9,EUR,Purchase,Completed,False,none
T0000539,A00080,M00012,2025-02-05 21:45:00,62.05,EUR,Purchase,Completed,False,none
T0000540,A00087,M00024,2025-11-18 14:03:00,50.65,USD,Purchase,Completed,False,none
T0000541,A00043,M00015,2025-12-12 14:17:00,16.98,GBP,Purchase,Completed,False,none
T0000542,A00058,M00055,2025-05-25 19:33:00,90.73,GBP,Purchase,Completed,False,none
T0000543,A00002,M00007,2025-11-28 15:32:00,8.29,GBP,Purchase,Completed,False,none
T0000544,A00043,M00046,2025-03-30 16:19:00,83.77,EUR,Purchase,Completed,False,none
T0000545,A00053,M00052,2025-04-09 20:00:00,116.55,EUR,Purchase,Completed,False,none
T0000546,A00031,M00071,2025-07-15 16:57:00,25.0,GBP,Purchase,Completed,False,none
T0000547,A00002,M00049,2025-08-08 16:36:00,93.75,EUR,Purchase,Completed,False,none
T0000548,A00078,M00027,2025-05-21 18:45:00,277.05,EUR,Purchase,Completed,False,none
T0000549,A00049,M00078,2025-10-19 07:26:00,57.88,EUR,Purchase,Completed,False,none
T0000550,A00046,M00062,2025-10-16 18:30:00,70.36,EUR,Purchase,Completed,False,none
T0000551,A00030,M00064,2025-02-14 21:26:00,41.18,USD,Purchase,Completed,False,none
T0000552,A00060,M00066,2025-12-28 11:25:00,108.58,EUR,Purchase,Completed,False,none
T0000553,A00049,M00030,2025-02-28 05:40:00,116.25,EUR,Purchase,Completed,False,none
T0000554,A00053,M00028,2025-07-12 18:59:00,346.57,EUR,Purchase,Completed,False,none
T0000555,A00067,M00034,2025-06-04 12:46:00,63.36,EUR,Purchase,Completed,False,none
T0000556,A00001,M00001,2025-06-14 10:40:00,41.79,EUR,Purchase,Completed,False,none
T0000557,A00105,M00060,2025-02-16 09:00:00,68.71,EUR,Purchase,Completed,False,none
T0000558,A00004,M00006,2025-05-06 15:30:00,199.52,EUR,Purchase,Completed,False,none
T0000559,A00050,M00002,2025-01-12 17:57:00,19.83,EUR,Purchase,Completed,False,none
T0000560,A00023,M00071,2025-12-22 15:23:00,85.72,GBP,Purchase,Completed,False,none
T0000561,A00058,M00063,2025-02-22 15:32:00,55.86,GBP,Purchase,Completed,False,none
T0000562,A00034,M00015,2025-06-26 18:19:00,18.29,GBP,Purchase,Completed,False,none
T0000563,A00097,M00030,2025-03-20 15:11:00,83.28,EUR,Purchase,Completed,False,none
T0000564,A00044,M00047,2025-03-06 15:42:00,64.53,GBP,Purchase,Completed,False,none
T0000565,A00071,M00070,2025-05-23 12:18:00,159.06,EUR,Purchase,Completed,False,none
T0000566,A00030,M00056,2025-12-20 17:35:00,58.7,USD,Purchase,Completed,False,none
T0000567,A00001,M00049,2025-06-24 11:35:00,90.73,EUR,Purchase,Completed,False,none
T0000568,A00045,M00035,2025-12-17 21:50:00,54.81,EUR,Purchase,Completed,False,none
T0000569,A00060,M00042,2025-10-29 14:56:00,135.01,EUR,Purchase,Completed,False,none
T0000570,A00050,M00068,2025-06-09 10:33:00,64.54,EUR,Purchase,Completed,False,none
T0000571,A00113,M00067,2025-11-25 20:03:00,38.99,EUR,Purchase,Completed,False,none
T0000572,A00080,M00036,2025-05-08 01:34:00,44.78,EUR,Purchase,Completed,False,none
T0000573,A00119,M00034,2025-07-03 10:53:00,131.32,EUR,Purchase,Completed,False,none
T0000574,A00036,M00028,2025-09-06 09:28:00,348.47,EUR,Purchase,Completed,False,none
T0000575,A00087,M00022,2025-08-04 11:33:00,32.71,EUR,Purchase,Completed,False,none
T0000576,A00062,M00079,2025-10-30 16:45:00,29.21,GBP,Purchase,Completed,False,none
T0000577,A00069,M00048,2025-03-01 18:26:00,486.71,USD,Purchase,Completed,False,none
T0000578,A00116,M00014,2025-07-01 14:24:00,23.09,EUR,Purchase,Completed,False,none
T0000579,A00074,M00056,2025-08-31 08:28:00,85.08,USD,Refund,Completed,False,none
T0000580,A00103,M00031,2025-05-01 17:51:00,339.52,GBP,Purchase,Completed,False,none
T0000581,A00083,M00004,2025-11-13 15:29:00,12.6,EUR,Purchase,Completed,False,none
T0000582,A00010,M00078,2025-04-21 15:19:00,21.51,EUR,Purchase,Completed,False,none
T0000583,A00079,M00057,2025-04-20 16:35:00,59.83,EUR,Purchase,Completed,False,none
T0000584,A00053,M00052,2025-04-30 12:41:00,47.58,EUR,Purchase,Completed,False,none
T0000585,A00108,M00014,2025-09-04 17:54:00,62.59,EUR,Purchase,Completed,False,none
T0000586,A00090,M00048,2025-02-13 23:53:00,50.23,USD,Purchase,Completed,False,none
T0000587,A00008,M00056,2025-02-22 18:46:00,54.9,USD,Purchase,Completed,False,none
T0000588,A00010,M00051,2025-10-12 18:46:00,123.83,EUR,Purchase,Completed,False,none
T0000589,A00004,M00072,2025-03-17 15:26:00,51.98,USD,Purchase,Completed,False,none
T0000590,A00054,M00016,2025-02-08 14:20:00,22.95,USD,Purchase,Completed,False,none
T0000591,A00004,M00078,2025-04-07 19:33:00,47.73,EUR,Purchase,Completed,False,none
T0000592,A00083,M00004,2025-05-26 21:42:00,58.9,EUR,Purchase,Completed,False,none
T0000593,A00062,M00020,2025-01-13 20:31:00,58.97,EUR,Purchase,Completed,False,none
T0000594,A00093,M00012,2025-11-01 18:12:00,35.29,EUR,Purchase,Completed,False,none
T0000595,A00034,M00007,2025-02-12 22:00:00,15.22,GBP,Purchase,Completed,False,none
T0000596,A00057,M00031,2025-05-28 17:03:00,180.46,GBP,Purchase,Completed,False,none
T0000597,A00009,M00050,2025-03-15 16:25:00,46.12,EUR,Purchase,Completed,False,none
T0000598,A00101,M00019,2025-04-18 09:47:00,48.33,EUR,Purchase,Completed,False,none
T0000599,A00019,M00062,2025-01-17 15:47:00,50.58,EUR,Purchase,Completed,False,none
T0000600,A00008,M00079,2025-12-13 17:48:00,78.34,GBP,Purchase,Completed,False,none
T0000601,A00023,M00023,2025-12-09 12:42:00,8.89,GBP,Purchase,Completed,False,none
T0000602,A00089,M00066,2025-02-16 10:01:00,32.62,EUR,Purchase,Completed,False,none
T0000603,A00008,M00050,2025-03-14 17:53:00,147.35,EUR,Refund,Completed,False,none
T0000604,A00069,M00022,2025-11-19 16:56:00,122.1,EUR,Purchase,Completed,False,none
T0000605,A00084,M00002,2025-06-01 08:50:00,47.53,EUR,Purchase,Completed,False,none
T0000606,A00084,M00066,2025-01-23 11:26:00,38.38,EUR,Purchase,Completed,False,none
T0000607,A00021,M00029,2025-02-19 14:12:00,411.95,EUR,Purchase,Completed,False,none
T0000608,A00004,M00033,2025-05-31 14:54:00,102.48,EUR,Purchase,Completed,False,none
T0000609,A00050,M00008,2025-07-23 18:11:00,33.96,USD,Purchase,Completed,False,none
T0000610,A00022,M00074,2025-08-19 13:47:00,8.15,EUR,Purchase,Completed,False,none
T0000611,A00079,M00009,2025-02-25 12:57:00,51.89,EUR,Purchase,Completed,False,none
T0000612,A00042,M00049,2025-05-16 11:54:00,47.37,EUR,Purchase,Completed,False,none
T0000613,A00050,M00027,2025-04-06 15:31:00,164.64,EUR,Purchase,Completed,False,none
T0000614,A00008,M00055,2025-07-15 18:50:00,120.21,GBP,Purchase,Completed,False,none
T0000615,A00065,M00017,2025-04-28 12:49:00,16.11,EUR,Purchase,Completed,False,none
T0000616,A00019,M00005,2025-03-16 15:58:00,36.32,EUR,Purchase,Completed,False,none
T0000617,A00077,M00040,2025-10-25 14:21:00,209.46,USD,Purchase,Completed,False,none
T0000618,A00005,M00070,2025-07-27 15:37:00,186.66,EUR,Purchase,Completed,False,none
T0000619,A00116,M00002,2025-06-22 16:49:00,22.08,EUR,Purchase,Completed,False,none
T0000620,A00078,M00037,2025-02-19 15:13:00,103.28,EUR,Purchase,Completed,False,none
T0000621,A00019,M00062,2025-01-26 18:13:00,48.71,EUR,Purchase,Completed,False,none
T0000622,A00001,M00016,2025-10-18 17:23:00,23.5,USD,Purchase,Completed,False,none
T0000623,A00041,M00080,2025-12-20 09:21:00,17.58,USD,Purchase,Completed,False,none
T0000624,A00013,M00007,2025-08-02 14:45:00,19.23,GBP,Purchase,Completed,False,none
T0000625,A00026,M00045,2025-01-15 18:56:00,207.32,EUR,Purchase,Completed,False,none
T0000626,A00099,M00022,2025-06-25 20:09:00,20.72,EUR,Purchase,Completed,False,none
T0000627,A00067,M00037,2025-04-13 15:19:00,28.82,EUR,Purchase,Completed,False,none
T0000628,A00019,M00014,2025-01-20 19:55:00,12.57,EUR,Purchase,Completed,False,none
T0000629,A00062,M00035,2025-02-21 16:35:00,81.7,EUR,Purchase,Declined,False,none
T0000630,A00031,M00047,2025-07-02 16:12:00,177.41,GBP,Purchase,Completed,False,none
T0000631,A00116,M00061,2025-06-05 12:36:00,26.87,EUR,Purchase,Completed,False,none
T0000632,A00002,M00029,2025-07-25 01:52:00,66.44,EUR,Purchase,Completed,False,none
T0000633,A00083,M00067,2025-09-11 19:22:00,133.03,EUR,Purchase,Completed,False,none
T0000634,A00085,M00006,2025-04-07 14:29:00,29.29,EUR,Purchase,Completed,False,none
T0000635,A00004,M00046,2025-04-15 19:36:00,215.55,EUR,Purchase,Completed,False,none
T0000636,A00017,M00015,2025-09-05 13:50:00,47.7,GBP,Purchase,Completed,False,none
T0000637,A00043,M00031,2025-03-13 09:33:00,113.68,GBP,Purchase,Declined,False,none
T0000638,A00098,M00054,2025-01-29 13:57:00,21.92,EUR,Purchase,Completed,False,none
T0000639,A00059,M00066,2025-11-08 17:45:00,57.5,EUR,Purchase,Completed,False,none
T0000640,A00074,M00072,2025-03-18 06:25:00,138.15,USD,Purchase,Completed,False,none
T0000641,A00086,M00068,2025-02-14 10:29:00,152.74,EUR,Purchase,Completed,False,none
T0000642,A00092,M00040,2025-09-27 18:41:00,8.29,USD,Purchase,Completed,False,none
T0000643,A00053,M00004,2025-07-14 17:04:00,25.24,EUR,Purchase,Completed,False,none
T0000644,A00055,M00062,2025-02-23 22:13:00,16.69,EUR,Purchase,Completed,False,none
T0000645,A00082,M00026,2025-11-07 20:14:00,155.33,EUR,Purchase,Completed,False,none
T0000646,A00033,M00004,2025-03-31 18:48:00,116.71,EUR,Purchase,Declined,False,none
T0000647,A00096,M00047,2025-09-04 15:49:00,933.02,GBP,Purchase,Completed,False,none
T0000648,A00001,M00080,2025-08-26 13:49:00,20.0,USD,Purchase,Completed,False,none
T0000649,A00021,M00029,2025-10-30 19:06:00,134.27,EUR,Purchase,Completed,False,none
T0000650,A00088,M00066,2025-09-24 11:17:00,49.78,EUR,Purchase,Completed,False,none
T0000651,A00041,M00080,2025-09-14 09:18:00,10.83,USD,Purchase,Completed,False,none
T0000652,A00013,M00005,2025-01-19 15:01:00,37.59,EUR,Purchase,Completed,False,none
T0000653,A00020,M00039,2025-12-09 12:15:00,45.72,GBP,Purchase,Completed,False,none
T0000654,A00058,M00055,2025-02-16 16:25:00,375.94,GBP,Purchase,Completed,True,high_amount
T0000655,A00093,M00052,2025-04-03 19:53:00,180.5,EUR,Purchase,Completed,False,none
T0000656,A00004,M00076,2025-06-12 19:10:00,49.5,EUR,Purchase,Completed,False,none
T0000657,A00002,M00047,2025-04-16 18:51:00,112.59,GBP,Purchase,Completed,False,none
T0000658,A00051,M00009,2025-08-05 15:49:00,52.16,EUR,Purchase,Completed,False,none
T0000659,A00112,M00016,2025-01-20 12:09:00,18.38,USD,Purchase,Completed,False,none
T0000660,A00034,M00001,2025-06-15 19:15:00,40.13,EUR,Purchase,Completed,False,none
T0000661,A00113,M00059,2025-05-08 19:27:00,16.85,EUR,Purchase,Completed,False,none
T0000662,A00101,M00019,2025-08-25 13:56:00,9.1,EUR,Purchase,Completed,False,none
T0000663,A00034,M00007,2025-07-09 19:47:00,65.61,GBP,Purchase,Completed,False,none
T0000664,A00091,M00063,2025-10-03 18:58:00,41.2,GBP,Purchase,Completed,False,none
T0000665,A00078,M00035,2025-03-02 13:18:00,101.79,EUR,Purchase,Completed,False,none
T0000666,A00056,M00060,2025-12-13 18:54:00,7.3,EUR,Purchase,Completed,False,none
T0000667,A00047,M00034,2025-05-24 10:57:00,22.37,EUR,Purchase,Completed,False,none
T0000668,A00091,M00070,2025-05-08 17:35:00,54.51,EUR,Purchase,Completed,False,none
T0000669,A00087,M00003,2025-07-20 06:09:00,112.01,EUR,Purchase,Completed,False,none
T0000670,A00084,M00002,2025-03-01 13:16:00,57.98,EUR,Purchase,Completed,False,none
T0000671,A00119,M00050,2025-10-25 09:07:00,66.01,EUR,Purchase,Completed,False,none
T0000672,A00053,M00020,2025-04-07 17:48:00,52.81,EUR,Purchase,Completed,False,none
T0000673,A00090,M00032,2025-12-05 22:18:00,34.46,USD,Purchase,Completed,False,none
T0000674,A00098,M00023,2025-02-24 15:42:00,16.17,GBP,Purchase,Completed,False,none
T0000675,A00023,M00007,2025-11-12 08:16:00,10.24,GBP,Purchase,Completed,False,none
T0000676,A00004,M00070,2025-05-24 17:58:00,72.48,EUR,Purchase,Completed,False,none
T0000677,A00045,M00027,2025-08-10 13:46:00,101.0,EUR,Purchase,Completed,False,none
T0000678,A00096,M00047,2025-11-15 12:22:00,92.27,GBP,Purchase,Completed,False,none
T0000679,A00035,M00053,2025-02-17 14:28:00,108.7,EUR,Purchase,Completed,False,none
T0000680,A00079,M00025,2025-05-07 22:03:00,161.26,EUR,Purchase,Completed,False,none
T0000681,A00001,M00057,2025-12-13 12:08:00,74.55,EUR,Purchase,Completed,False,none
T0000682,A00042,M00032,2025-02-24 09:59:00,67.77,USD,Purchase,Completed,False,none
T0000683,A00070,M00018,2025-02-07 11:48:00,28.63,EUR,Purchase,Completed,False,none
T0000684,A00010,M00052,2025-07-10 09:50:00,154.28,EUR,Purchase,Completed,False,none
T0000685,A00103,M00055,2025-01-10 11:38:00,112.76,GBP,Purchase,Completed,False,none
T0000686,A00014,M00016,2025-12-29 13:13:00,17.31,USD,Purchase,Completed,False,none
T0000687,A00107,M00015,2025-11-26 16:06:00,54.42,GBP,Purchase,Completed,False,none
T0000688,A00025,M00078,2025-03-10 12:43:00,32.23,EUR,Purchase,Completed,False,none
T0000689,A00117,M00038,2025-03-05 18:19:00,45.51,EUR,Purchase,Completed,False,none
T0000690,A00068,M00050,2025-10-11 14:00:00,35.15,EUR,Purchase,Completed,False,none
T0000691,A00004,M00067,2025-07-10 16:01:00,315.69,EUR,Purchase,Completed,False,none
T0000692,A00004,M00079,2025-10-28 18:33:00,42.89,GBP,Purchase,Completed,False,none
T0000693,A00004,M00078,2025-12-20 16:50:00,42.21,EUR,Purchase,Completed,False,none
T0000694,A00067,M00080,2025-05-27 13:21:00,9.01,USD,Purchase,Completed,False,none
T0000695,A00090,M00005,2025-04-03 18:59:00,11.54,EUR,Purchase,Completed,False,none
T0000696,A00045,M00059,2025-08-15 18:22:00,30.66,EUR,Purchase,Completed,False,none
T0000697,A00050,M00067,2025-08-20 13:43:00,118.48,EUR,Purchase,Completed,False,none
T0000698,A00067,M00033,2025-06-07 14:14:00,53.84,EUR,Purchase,Completed,False,none
T0000699,A00058,M00055,2025-04-20 20:36:00,209.35,GBP,Purchase,Completed,False,none
T0000700,A00078,M00075,2025-04-06 13:16:00,41.65,EUR,Purchase,Declined,False,none
T0000701,A00052,M00024,2025-07-10 21:46:00,23.3,USD,Purchase,Completed,False,none
T0000702,A00081,M00055,2025-06-05 11:27:00,211.26,GBP,Purchase,Completed,False,none
T0000703,A00119,M00050,2025-06-16 13:02:00,109.96,EUR,Purchase,Completed,False,none
T0000704,A00042,M00017,2025-02-04 08:14:00,10.2,EUR,Purchase,Completed,False,none
T0000705,A00001,M00057,2025-11-18 17:21:00,19.93,EUR,Purchase,Completed,False,none
T0000706,A00009,M00017,2025-09-16 16:27:00,32.52,EUR,Purchase,Completed,False,none
T0000707,A00062,M00067,2025-12-02 14:16:00,150.75,EUR,Purchase,Completed,False,none
T0000708,A00041,M00080,2025-10-30 09:34:00,37.38,USD,Purchase,Completed,False,none
T0000709,A00112,M00009,2025-08-14 16:57:00,74.16,EUR,Purchase,Completed,False,none
T0000710,A00071,M00038,2025-04-23 10:42:00,296.71,EUR,Purchase,Completed,False,none
T0000711,A00057,M00015,2025-08-27 16:18:00,92.26,GBP,Purchase,Completed,False,none
T0000712,A00087,M00057,2025-07-26 01:40:00,85.82,EUR,Purchase,Completed,False,none
T0000713,A00032,M00078,2025-12-04 18:58:00,23.64,EUR,Purchase,Completed,False,none
T0000714,A00091,M00038,2025-03-26 20:14:00,76.89,EUR,Purchase,Completed,False,none
T0000715,A00001,M00060,2025-01-10 13:13:00,30.51,EUR,Purchase,Completed,False,none
T0000716,A00070,M00027,2025-02-16 13:02:00,194.93,EUR,Purchase,Completed,False,none
T0000717,A00111,M00044,2025-03-05 15:50:00,200.14,EUR,Purchase,Completed,False,none
T0000718,A00086,M00068,2025-08-31 13:49:00,112.6,EUR,Purchase,Completed,False,none
T0000719,A00096,M00039,2025-02-23 13:24:00,73.37,GBP,Purchase,Completed,False,none
T0000720,A00044,M00047,2025-02-18 15:52:00,267.56,GBP,Purchase,Completed,False,none
T0000721,A00092,M00047,2025-05-25 09:39:00,12.51,GBP,Purchase,Completed,False,none
T0000722,A00062,M00017,2025-10-13 12:58:00,36.32,EUR,Purchase,Completed,False,none
T0000723,A00070,M00057,2025-06-04 08:55:00,107.58,EUR,Purchase,Completed,False,none
T0000724,A00005,M00014,2025-04-10 20:57:00,183.67,EUR,Purchase,Completed,False,none
T0000725,A00022,M00042,2025-04-14 20:23:00,346.79,EUR,Purchase,Completed,False,none
T0000726,A00062,M00022,2025-10-26 20:38:00,82.63,EUR,Purchase,Completed,False,none
T0000727,A00004,M00078,2025-06-08 14:10:00,60.05,EUR,Purchase,Completed,False,none
T0000728,A00084,M00058,2025-05-15 15:53:00,45.84,EUR,Purchase,Completed,False,none
T0000729,A00093,M00009,2025-10-10 14:19:00,84.63,EUR,Purchase,Completed,False,none
T0000730,A00107,M00015,2025-05-15 17:26:00,41.84,GBP,Purchase,Completed,False,none
T0000731,A00008,M00041,2025-05-11 18:35:00,182.93,EUR,Purchase,Completed,False,none
T0000732,A00110,M00068,2025-10-01 18:47:00,58.52,EUR,Purchase,Completed,False,none
T0000733,A00004,M00052,2025-04-30 17:43:00,94.99,EUR,Purchase,Completed,False,none
T0000734,A00053,M00044,2025-07-06 15:57:00,226.86,EUR,Purchase,Declined,False,none
T0000735,A00093,M00040,2025-08-31 19:42:00,116.69,USD,Purchase,Completed,False,none
T0000736,A00004,M00046,2025-03-15 21:47:00,269.32,EUR,Purchase,Completed,False,none
T0000737,A00001,M00017,2025-02-16 08:34:00,15.14,EUR,Purchase,Completed,False,none
T0000738,A00001,M00017,2025-11-07 04:24:00,27.29,EUR,Purchase,Completed,False,none
T0000739,A00055,M00023,2025-04-19 18:54:00,16.54,GBP,Purchase,Completed,False,none
T0000740,A00090,M00045,2025-05-05 16:22:00,27.19,EUR,Purchase,Completed,False,none
T0000741,A00010,M00078,2025-08-04 16:37:00,17.94,EUR,Purchase,Completed,False,none
T0000742,A00009,M00057,2025-02-07 20:17:00,76.31,EUR,Purchase,Completed,False,none
T0000743,A00065,M00065,2025-01-17 13:28:00,31.13,EUR,Purchase,Completed,False,none
T0000744,A00027,M00029,2025-06-01 17:22:00,202.71,EUR,Purchase,Completed,False,none
T0000745,A00083,M00020,2025-12-20 15:15:00,29.59,EUR,Purchase,Completed,False,none
T0000746,A00112,M00016,2025-07-29 20:49:00,89.31,USD,Purchase,Completed,False,none
T0000747,A00085,M00078,2025-07-31 13:46:00,25.14,EUR,Purchase,Completed,False,none
T0000748,A00101,M00051,2025-08-11 09:42:00,104.59,EUR,Purchase,Completed,False,none
T0000749,A00057,M00031,2025-11-11 12:04:00,943.27,GBP,Purchase,Completed,False,none
T0000750,A00092,M00066,2025-11-01 11:14:00,6.2,EUR,Purchase,Declined,False,none
T0000751,A00019,M00060,2025-01-09 15:13:00,39.4,EUR,Purchase,Completed,False,none
T0000752,A00004,M00075,2025-07-17 11:42:00,87.27,EUR,Purchase,Completed,False,none
T0000753,A00074,M00072,2025-07-19 10:53:00,66.75,USD,Purchase,Completed,False,none
T0000754,A00004,M00046,2025-03-23 18:22:00,649.32,EUR,Purchase,Completed,False,none
T0000755,A00103,M00031,2025-12-22 12:19:00,248.23,GBP,Purchase,Completed,False,none
T0000756,A00078,M00035,2025-04-06 17:33:00,65.89,EUR,Purchase,Completed,False,none
T0000757,A00112,M00016,2025-11-01 17:59:00,31.51,USD,Purchase,Completed,False,none
T0000758,A00038,M00069,2025-02-06 16:22:00,57.68,EUR,Purchase,Completed,False,none
T0000759,A00053,M00044,2025-08-08 19:16:00,125.57,EUR,Refund,Completed,False,none
T0000760,A00084,M00050,2025-09-26 04:31:00,106.25,EUR,Purchase,Completed,False,none
T0000761,A00028,M00018,2025-07-04 14:54:00,26.17,EUR,Purchase,Completed,False,none
T0000762,A00060,M00058,2025-02-08 15:43:00,88.01,EUR,Purchase,Completed,False,none
T0000763,A00075,M00044,2025-02-15 12:31:00,166.13,EUR,Purchase,Completed,False,none
T0000764,A00116,M00006,2025-08-10 11:43:00,45.9,EUR,Purchase,Completed,False,none
T0000765,A00084,M00065,2025-11-11 14:00:00,36.9,EUR,Purchase,Completed,False,none
T0000766,A00009,M00029,2025-08-06 18:45:00,55.4,EUR,Purchase,Completed,False,none
T0000767,A00053,M00044,2025-02-06 22:05:00,169.26,EUR,Purchase,Completed,False,none
T0000768,A00067,M00018,2025-10-14 17:23:00,90.85,EUR,Refund,Completed,False,none
T0000769,A00012,M00073,2025-06-17 16:20:00,22.83,EUR,Purchase,Completed,False,none
T0000770,A00048,M00055,2025-01-28 10:41:00,68.96,GBP,Purchase,Completed,False,none
T0000771,A00034,M00055,2025-05-15 13:14:00,133.53,GBP,Purchase,Completed,False,none
T0000772,A00009,M00017,2025-03-16 17:14:00,33.68,EUR,Purchase,Completed,False,none
T0000773,A00056,M00062,2025-12-27 13:53:00,10.15,EUR,Purchase,Completed,False,none
T0000774,A00017,M00063,2025-11-28 17:28:00,190.77,GBP,Purchase,Completed,False,none
T0000775,A00067,M00018,2025-02-08 14:44:00,16.82,EUR,Purchase,Completed,False,none
T0000776,A00017,M00012,2025-07-28 18:34:00,64.08,EUR,Purchase,Completed,False,none
T0000777,A00083,M00019,2025-01-03 19:37:00,12.32,EUR,Purchase,Completed,False,none
T0000778,A00021,M00061,2025-06-17 15:41:00,101.35,EUR,Purchase,Completed,False,none
T0000779,A00103,M00031,2025-02-26 20:40:00,167.44,GBP,Purchase,Completed,False,none
T0000780,A00001,M00025,2025-09-30 11:54:00,50.53,EUR,Refund,Completed,False,none
T0000781,A00057,M00079,2025-01-27 12:47:00,65.3,GBP,Purchase,Completed,False,none
T0000782,A00039,M00073,2025-11-26 13:18:00,21.99,EUR,Purchase,Completed,False,none
T0000783,A00027,M00051,2025-03-26 17:10:00,81.35,EUR,Purchase,Completed,False,none
T0000784,A00052,M00022,2025-04-06 18:50:00,24.27,EUR,Purchase,Completed,False,none
T0000785,A00093,M00011,2025-11-20 13:22:00,86.97,EUR,Purchase,Completed,False,none
T0000786,A00107,M00063,2025-11-26 15:18:00,99.16,GBP,Purchase,Completed,False,none
T0000787,A00037,M00020,2025-02-05 20:06:00,45.47,EUR,Purchase,Completed,False,none
T0000788,A00014,M00003,2025-02-09 14:33:00,112.13,EUR,Purchase,Completed,False,none
T0000789,A00082,M00073,2025-11-08 21:30:00,16.17,EUR,Purchase,Completed,False,none
T0000790,A00067,M00022,2025-12-23 16:49:00,22.96,EUR,Purchase,Completed,False,none
T0000791,A00022,M00027,2025-06-28 22:44:00,151.84,EUR,Purchase,Completed,False,none
T0000792,A00084,M00067,2025-03-02 11:43:00,116.19,EUR,Purchase,Completed,False,none
T0000793,A00057,M00026,2025-02-25 20:32:00,264.26,EUR,Purchase,Completed,False,none
T0000794,A00074,M00008,2025-04-08 04:51:00,120.64,USD,Purchase,Completed,False,none
T0000795,A00042,M00049,2025-09-08 07:58:00,33.47,EUR,Purchase,Completed,False,none
T0000796,A00049,M00054,2025-02-05 04:48:00,195.44,EUR,Purchase,Completed,False,none
T0000797,A00019,M00062,2025-08-23 18:20:00,70.49,EUR,Purchase,Completed,False,none
T0000798,A00084,M00010,2025-10-21 16:16:00,33.72,EUR,Purchase,Completed,False,none
T0000799,A00015,M00070,2025-02-22 13:00:00,91.42,EUR,Purchase,Completed,False,none
T0000800,A00086,M00068,2025-12-26 10:59:00,100.29,EUR,Purchase,Completed,False,none
T0000801,A00087,M00019,2025-12-27 11:43:00,46.02,EUR,Purchase,Completed,False,none
T0000802,A00084,M00026,2025-04-19 14:56:00,127.64,EUR,Purchase,Completed,False,none
T0000803,A00001,M00001,2025-02-10 09:47:00,24.6,EUR,Purchase,Completed,False,none
T0000804,A00033,M00020,2025-04-29 15:25:00,29.58,EUR,Purchase,Completed,False,none
T0000805,A00051,M00025,2025-04-05 10:08:00,85.87,EUR,Purchase,Completed,False,none
T0000806,A00067,M00057,2025-04-12 12:02:00,58.62,EUR,Purchase,Completed,False,none
T0000807,A00107,M00071,2025-12-04 20:47:00,42.5,GBP,Purchase,Completed,False,none
T0000808,A00043,M00015,2025-02-26 10:18:00,24.2,GBP,Purchase,Completed,False,none
T0000809,A00099,M00057,2025-04-26 16:22:00,138.24,EUR,Purchase,Completed,False,none
T0000810,A00017,M00013,2025-10-15 20:50:00,106.88,EUR,Purchase,Completed,False,none
T0000811,A00042,M00001,2025-01-21 09:28:00,7.39,EUR,Purchase,Completed,False,none
T0000812,A00004,M00070,2025-01-23 20:57:00,124.87,EUR,Purchase,Completed,False,none
T0000813,A00084,M00047,2025-04-21 16:32:00,221.0,GBP,Purchase,Completed,False,none
T0000814,A00013,M00061,2025-12-20 12:49:00,47.77,EUR,Purchase,Completed,False,none
T0000815,A00031,M00071,2025-11-03 14:07:00,61.32,GBP,Purchase,Completed,False,none
T0000816,A00086,M00028,2025-12-05 18:23:00,115.16,EUR,Purchase,Completed,False,none
T0000817,A00060,M00042,2025-11-12 14:10:00,63.31,EUR,Purchase,Completed,False,none
T0000818,A00001,M00001,2025-02-13 09:03:00,56.49,EUR,Purchase,Completed,False,none
T0000819,A00001,M00073,2025-05-27 13:59:00,19.23,EUR,Purchase,Completed,False,none
T0000820,A00055,M00032,2025-07-13 19:31:00,25.58,USD,Purchase,Completed,False,none
T0000821,A00037,M00017,2025-03-02 00:21:00,29.63,EUR,Purchase,Completed,False,none
T0000822,A00019,M00062,2025-12-29 16:22:00,100.09,EUR,Purchase,Completed,False,none
T0000823,A00069,M00045,2025-08-09 18:14:00,248.72,EUR,Purchase,Completed,False,none
T0000824,A00027,M00059,2025-11-08 14:07:00,173.47,EUR,Purchase,Completed,False,none
T0000825,A00067,M00018,2025-04-05 16:54:00,11.63,EUR,Purchase,Completed,False,none
T0000826,A00043,M00015,2025-09-19 10:06:00,28.61,GBP,Purchase,Completed,False,none
T0000827,A00020,M00007,2025-02-08 13:23:00,18.7,GBP,Purchase,Completed,False,none
T0000828,A00011,M00051,2025-01-09 16:09:00,45.63,EUR,Purchase,Completed,False,none
T0000829,A00027,M00027,2025-08-22 17:55:00,139.36,EUR,Purchase,Completed,False,none
T0000830,A00002,M00015,2025-01-25 16:12:00,4.93,GBP,Purchase,Completed,False,none
T0000831,A00038,M00026,2025-04-11 16:23:00,757.88,EUR,Purchase,Completed,False,none
T0000832,A00105,M00060,2025-10-17 17:45:00,48.79,EUR,Purchase,Completed,False,none
T0000833,A00092,M00040,2025-07-01 09:34:00,15.63,USD,Purchase,Completed,False,none
T0000834,A00042,M00073,2025-05-18 13:22:00,23.86,EUR,Purchase,Completed,False,none
T0000835,A00066,M00043,2025-04-17 18:33:00,480.81,EUR,Purchase,Completed,False,none
T0000836,A00065,M00033,2025-09-01 14:26:00,112.96,EUR,Purchase,Completed,False,none
T0000837,A00092,M00061,2025-12-15 06:17:00,7.71,EUR,Purchase,Completed,False,none
T0000838,A00027,M00019,2025-09-27 14:35:00,27.0,EUR,Purchase,Completed,False,none
T0000839,A00036,M00055,2025-05-12 07:21:00,51.66,GBP,Purchase,Completed,False,none
T0000840,A00037,M00036,2025-06-04 14:57:00,145.97,EUR,Purchase,Completed,False,none
T0000841,A00005,M00054,2025-02-07 20:27:00,71.24,EUR,Purchase,Completed,False,none
T0000842,A00038,M00066,2025-02-22 15:45:00,49.43,EUR,Purchase,Completed,False,none
T0000843,A00101,M00051,2025-04-08 13:14:00,70.7,EUR,Purchase,Completed,False,none
T0000844,A00107,M00052,2025-05-22 09:38:00,142.78,EUR,Purchase,Completed,False,none
T0000845,A00008,M00017,2025-12-28 12:33:00,32.49,EUR,Purchase,Completed,False,none
T0000846,A00050,M00027,2025-11-14 15:44:00,359.34,EUR,Purchase,Completed,False,none
T0000847,A00043,M00047,2025-02-11 16:27:00,202.98,GBP,Purchase,Completed,False,none
T0000848,A00053,M00044,2025-05-01 15:43:00,241.86,EUR,Purchase,Completed,False,none
T0000849,A00062,M00068,2025-01-21 19:03:00,49.91,EUR,Purchase,Completed,False,none
T0000850,A00001,M00057,2025-01-23 09:41:00,105.28,EUR,Purchase,Completed,False,none
T0000851,A00093,M00014,2025-05-17 16:45:00,40.67,EUR,Purchase,Completed,False,none
T0000852,A00114,M00034,2025-12-17 18:29:00,257.07,EUR,Purchase,Completed,False,none
T0000853,A00074,M00072,2025-03-09 07:02:00,244.36,USD,Purchase,Completed,False,none
T0000854,A00076,M00035,2025-09-06 15:34:00,195.3,EUR,Purchase,Completed,False,none
T0000855,A00058,M00055,2025-05-24 21:46:00,218.31,GBP,Purchase,Completed,False,none
T0000856,A00041,M00080,2025-07-17 10:27:00,2.89,USD,Purchase,Completed,False,none
T0000857,A00012,M00073,2025-11-14 19:05:00,10.22,EUR,Purchase,Completed,False,none
T0000858,A00067,M00058,2025-10-30 12:23:00,67.64,EUR,Purchase,Completed,False,none
T0000859,A00005,M00053,2025-10-30 20:59:00,291.17,EUR,Purchase,Completed,False,none
T0000860,A00092,M00072,2025-05-31 12:16:00,11.44,USD,Purchase,Completed,False,none
T0000861,A00047,M00034,2025-01-18 17:31:00,21.75,EUR,Purchase,Completed,False,none
T0000862,A00046,M00062,2025-12-26 17:21:00,12.05,EUR,Purchase,Completed,False,none
T0000863,A00040,M00034,2025-12-29 17:42:00,22.31,EUR,Purchase,Completed,False,none
T0000864,A00113,M00051,2025-11-10 19:25:00,37.79,EUR,Purchase,Completed,False,none
T0000865,A00019,M00062,2025-06-24 17:23:00,94.73,EUR,Purchase,Completed,False,none
T0000866,A00013,M00055,2025-04-13 15:34:00,177.93,GBP,Purchase,Completed,False,none
T0000867,A00017,M00011,2025-03-05 15:34:00,51.89,EUR,Purchase,Completed,False,none
T0000868,A00075,M00052,2025-05-16 09:29:00,82.4,EUR,Purchase,Completed,False,none
T0000869,A00117,M00078,2025-05-03 13:15:00,22.97,EUR,Purchase,Completed,False,none
T0000870,A00027,M00075,2025-04-11 13:06:00,34.27,EUR,Purchase,Completed,False,none
T0000871,A00105,M00061,2025-12-13 15:41:00,34.09,EUR,Purchase,Completed,False,none
T0000872,A00034,M00015,2025-08-29 19:20:00,55.83,GBP,Purchase,Completed,False,none
T0000873,A00074,M00080,2025-03-23 09:36:00,13.58,USD,Purchase,Completed,False,none
T0000874,A00004,M00054,2025-08-22 16:22:00,64.01,EUR,Purchase,Completed,False,none
T0000875,A00054,M00008,2025-09-15 15:51:00,17.1,USD,Purchase,Completed,False,none
T0000876,A00074,M00008,2025-07-10 09:42:00,41.73,USD,Purchase,Completed,False,none
T0000877,A00059,M00066,2025-12-12 13:24:00,90.78,EUR,Purchase,Completed,False,none
T0000878,A00027,M00027,2025-12-19 10:19:00,104.94,EUR,Purchase,Completed,False,none
T0000879,A00092,M00048,2025-06-07 10:44:00,157.85,USD,Purchase,Completed,False,none
T0000880,A00113,M00059,2025-06-22 20:00:00,58.15,EUR,Purchase,Completed,False,none
T0000881,A00050,M00067,2025-03-21 20:03:00,85.02,EUR,Purchase,Completed,False,none
T0000882,A00071,M00038,2025-10-14 16:05:00,113.43,EUR,Purchase,Completed,False,none
T0000883,A00087,M00059,2025-12-06 08:20:00,131.36,EUR,Purchase,Completed,False,none
T0000884,A00028,M00018,2025-08-29 14:29:00,55.02,EUR,Purchase,Completed,False,none
T0000885,A00098,M00065,2025-03-15 05:17:00,29.69,EUR,Purchase,Completed,False,none
T0000886,A00034,M00055,2025-07-09 03:11:00,158.48,GBP,Purchase,Completed,False,none
T0000887,A00086,M00036,2025-10-18 14:18:00,29.19,EUR,Refund,Completed,False,none
T0000888,A00008,M00054,2025-01-16 18:29:00,56.15,EUR,Purchase,Completed,False,none
T0000889,A00035,M00009,2025-08-04 14:17:00,28.53,EUR,Purchase,Completed,False,none
T0000890,A00058,M00074,2025-08-28 21:34:00,34.69,EUR,Purchase,Completed,False,none
T0000891,A00058,M00055,2025-07-15 03:22:00,170.24,GBP,Purchase,Completed,True,unusual_hour
T0000892,A00094,M00042,2025-08-23 15:56:00,265.54,EUR,Purchase,Completed,False,none
T0000893,A00119,M00050,2025-11-23 15:59:00,63.86,EUR,Purchase,Completed,False,none
T0000894,A00008,M00020,2025-02-15 16:39:00,18.9,EUR,Purchase,Completed,False,none
T0000895,A00033,M00052,2025-07-28 19:33:00,1175.9,EUR,Purchase,Completed,True,high_amount
T0000896,A00042,M00001,2025-10-18 13:01:00,9.38,EUR,Purchase,Completed,False,none
T0000897,A00053,M00044,2025-10-28 16:37:00,209.88,EUR,Purchase,Completed,False,none
T0000898,A00054,M00008,2025-06-20 14:22:00,6.51,USD,Purchase,Completed,False,none
T0000899,A00096,M00031,2025-12-31 19:17:00,213.06,GBP,Purchase,Completed,False,none
T0000900,A00085,M00010,2025-04-29 18:47:00,8.96,EUR,Purchase,Completed,False,none
T0000901,A00001,M00073,2025-06-10 08:02:00,20.93,EUR,Purchase,Completed,False,none
T0000902,A00050,M00027,2025-10-28 14:15:00,254.93,EUR,Purchase,Completed,False,none
T0000903,A00070,M00043,2025-06-10 10:46:00,235.96,EUR,Purchase,Completed,False,none
T0000904,A00051,M00065,2025-05-06 15:55:00,42.07,EUR,Purchase,Completed,False,none
T0000905,A00010,M00078,2025-07-22 14:30:00,25.17,EUR,Purchase,Completed,False,none
T0000906,A00044,M00007,2025-08-15 19:31:00,16.35,GBP,Purchase,Completed,False,none
T0000907,A00046,M00070,2025-12-21 18:58:00,28.72,EUR,Purchase,Completed,False,none
T0000908,A00020,M00007,2025-08-14 14:05:00,39.0,GBP,Purchase,Completed,False,none
T0000909,A00084,M00058,2025-03-09 17:28:00,62.28,EUR,Purchase,Completed,False,none
T0000910,A00040,M00037,2025-01-20 18:14:00,22.65,EUR,Purchase,Completed,False,none
T0000911,A00067,M00058,2025-12-20 14:28:00,51.39,EUR,Purchase,Completed,False,none
T0000912,A00057,M00015,2025-06-04 12:54:00,65.18,GBP,Purchase,Completed,False,none
T0000913,A00101,M00024,2025-03-15 12:35:00,15.23,USD,Purchase,Completed,False,none
T0000914,A00009,M00049,2025-03-23 14:59:00,50.04,EUR,Purchase,Completed,False,none
T0000915,A00008,M00023,2025-02-08 19:30:00,29.44,GBP,Purchase,Completed,False,none
T0000916,A00037,M00028,2025-03-14 21:51:00,97.68,EUR,Purchase,Completed,False,none
T0000917,A00048,M00055,2025-10-12 10:10:00,58.77,GBP,Purchase,Completed,False,none
T0000918,A00036,M00052,2025-08-28 09:19:00,152.67,EUR,Purchase,Completed,False,none
T0000919,A00084,M00026,2025-08-07 14:16:00,134.05,EUR,Purchase,Completed,False,none
T0000920,A00030,M00020,2025-01-05 16:46:00,140.16,EUR,Purchase,Completed,False,none
T0000921,A00004,M00077,2025-09-03 17:30:00,26.1,EUR,Purchase,Completed,False,none
T0000922,A00046,M00054,2025-12-20 19:13:00,90.8,EUR,Purchase,Completed,False,none
T0000923,A00085,M00006,2025-12-03 08:10:00,10.72,EUR,Purchase,Completed,False,none
T0000924,A00094,M00012,2025-05-25 14:23:00,42.44,EUR,Purchase,Completed,False,none
T0000925,A00083,M00022,2025-08-08 10:09:00,10.05,EUR,Purchase,Completed,False,none
T0000926,A00062,M00078,2025-04-20 16:41:00,1273.35,EUR,Purchase,Completed,True,high_amount
T0000927,A00083,M00020,2025-11-21 12:50:00,9.5,EUR,Purchase,Completed,False,none
T0000928,A00078,M00003,2025-12-02 20:58:00,35.1,EUR,Purchase,Completed,False,none
T0000929,A00027,M00027,2025-03-23 15:14:00,118.39,EUR,Purchase,Completed,False,none
T0000930,A00062,M00008,2025-06-27 11:26:00,26.49,USD,Purchase,Completed,False,none
T0000931,A00085,M00006,2025-03-28 13:30:00,16.38,EUR,Purchase,Completed,False,none
T0000932,A00039,M00076,2025-08-13 14:29:00,54.83,EUR,Purchase,Completed,False,none
T0000933,A00074,M00072,2025-04-17 03:27:00,83.68,USD,Purchase,Completed,False,none
T0000934,A00053,M00005,2025-09-11 19:13:00,53.83,EUR,Purchase,Completed,False,none
T0000935,A00055,M00030,2025-12-25 11:06:00,59.15,EUR,Purchase,Completed,False,none
T0000936,A00006,M00028,2025-11-15 15:24:00,142.21,EUR,Purchase,Completed,False,none
T0000937,A00076,M00011,2025-03-08 15:05:00,31.19,EUR,Purchase,Completed,False,none
T0000938,A00098,M00046,2025-02-17 12:03:00,78.33,EUR,Purchase,Completed,False,none
T0000939,A00012,M00074,2025-10-25 20:31:00,7.76,EUR,Purchase,Completed,False,none
T0000940,A00042,M00049,2025-01-30 14:51:00,67.59,EUR,Purchase,Completed,False,none
T0000941,A00004,M00078,2025-05-27 16:32:00,112.88,EUR,Purchase,Completed,False,none
T0000942,A00002,M00032,2025-12-29 12:01:00,42.05,USD,Purchase,Completed,False,none
T0000943,A00116,M00078,2025-06-13 12:50:00,10.2,EUR,Purchase,Completed,False,none
T0000944,A00054,M00008,2025-01-04 19:41:00,18.12,USD,Purchase,Completed,False,none
T0000945,A00042,M00025,2025-12-22 15:18:00,84.82,EUR,Purchase,Completed,False,none
T0000946,A00033,M00052,2025-09-16 18:16:00,119.6,EUR,Purchase,Completed,False,none
T0000947,A00116,M00006,2025-05-01 07:53:00,18.39,EUR,Purchase,Completed,False,none
T0000948,A00031,M00066,2025-08-12 16:28:00,39.92,EUR,Purchase,Completed,False,none
T0000949,A00083,M00072,2025-08-12 21:08:00,47.96,USD,Purchase,Completed,False,none
T0000950,A00034,M00005,2025-07-21 18:16:00,38.23,EUR,Purchase,Completed,False,none
T0000951,A00004,M00078,2025-12-17 13:15:00,22.03,EUR,Purchase,Completed,False,none
T0000952,A00078,M00019,2025-10-14 19:24:00,28.64,EUR,Purchase,Completed,False,none
T0000953,A00001,M00077,2025-04-05 09:20:00,16.94,EUR,Purchase,Completed,False,none
T0000954,A00076,M00001,2025-12-29 13:32:00,105.47,EUR,Purchase,Completed,False,none
T0000955,A00030,M00008,2025-12-18 00:19:00,49.4,USD,Purchase,Completed,False,none
T0000956,A00084,M00042,2025-01-18 13:38:00,60.73,EUR,Purchase,Completed,False,none
T0000957,A00085,M00070,2025-04-19 12:29:00,42.04,EUR,Purchase,Completed,False,none
T0000958,A00083,M00004,2025-08-13 12:56:00,28.24,EUR,Purchase,Completed,False,none
T0000959,A00001,M00073,2025-11-17 16:49:00,36.69,EUR,Purchase,Completed,False,none
T0000960,A00080,M00012,2025-09-19 19:19:00,32.26,EUR,Purchase,Completed,False,none
T0000961,A00117,M00046,2025-07-29 22:02:00,52.34,EUR,Purchase,Completed,False,none
T0000962,A00028,M00023,2025-04-22 18:35:00,80.9,GBP,Purchase,Completed,False,none
T0000963,A00033,M00006,2025-02-05 15:20:00,78.03,EUR,Purchase,Completed,False,none
T0000964,A00091,M00078,2025-11-22 18:54:00,15.22,EUR,Purchase,Completed,False,none
T0000965,A00015,M00070,2025-07-14 19:24:00,43.99,EUR,Purchase,Completed,False,none
T0000966,A00076,M00059,2025-06-16 21:17:00,121.66,EUR,Purchase,Completed,False,none
T0000967,A00084,M00059,2025-12-24 06:20:00,66.51,EUR,Purchase,Completed,False,none
T0000968,A00005,M00054,2025-03-02 18:51:00,133.89,EUR,Purchase,Completed,False,none
T0000969,A00062,M00068,2025-04-03 16:06:00,154.53,EUR,Purchase,Completed,False,none
T0000970,A00066,M00069,2025-11-08 14:57:00,26.45,EUR,Purchase,Declined,False,none
T0000971,A00037,M00036,2025-04-14 21:14:00,50.1,EUR,Purchase,Completed,False,none
T0000972,A00100,M00049,2025-12-11 14:50:00,62.2,EUR,Purchase,Completed,False,none
T0000973,A00017,M00061,2025-11-10 15:32:00,54.83,EUR,Purchase,Completed,False,none
T0000974,A00042,M00049,2025-02-06 09:34:00,102.71,EUR,Purchase,Completed,False,none
T0000975,A00093,M00011,2025-06-17 15:12:00,196.15,EUR,Purchase,Completed,False,none
T0000976,A00021,M00029,2025-10-02 15:43:00,192.01,EUR,Purchase,Completed,False,none
T0000977,A00092,M00064,2025-06-28 08:38:00,10.5,USD,Purchase,Completed,False,none
T0000978,A00004,M00067,2025-03-20 21:28:00,116.26,EUR,Purchase,Completed,False,none
T0000979,A00053,M00080,2025-01-17 18:27:00,36.68,USD,Purchase,Completed,False,none
T0000980,A00004,M00080,2025-01-03 21:35:00,23.17,USD,Purchase,Completed,False,none
T0000981,A00077,M00049,2025-03-07 14:28:00,172.37,EUR,Purchase,Completed,False,none
T0000982,A00087,M00027,2025-04-06 10:58:00,520.6,EUR,Purchase,Completed,False,none
T0000983,A00094,M00045,2025-04-21 17:02:00,147.77,EUR,Purchase,Completed,False,none
T0000984,A00116,M00006,2025-11-09 09:15:00,16.61,EUR,Purchase,Completed,False,none
T0000985,A00076,M00043,2025-07-05 16:51:00,404.68,EUR,Purchase,Completed,False,none
T0000986,A00085,M00006,2025-02-21 15:47:00,27.41,EUR,Purchase,Completed,False,none
T0000987,A00055,M00008,2025-01-31 13:20:00,13.36,USD,Purchase,Completed,False,none
T0000988,A00107,M00071,2025-02-17 18:30:00,87.46,GBP,Purchase,Completed,False,none
T0000989,A00072,M00051,2025-04-25 13:01:00,180.02,EUR,Purchase,Completed,False,none
T0000990,A00101,M00043,2025-09-27 17:10:00,390.57,EUR,Purchase,Completed,False,none
T0000991,A00027,M00019,2025-01-19 21:56:00,22.39,EUR,Purchase,Completed,False,none
T0000992,A00054,M00040,2025-05-29 19:38:00,28.1,USD,Purchase,Completed,False,none
T0000993,A00083,M00044,2025-06-13 15:02:00,211.28,EUR,Purchase,Completed,False,none
T0000994,A00022,M00074,2025-02-24 16:47:00,28.57,EUR,Purchase,Completed,False,none
T0000995,A00023,M00079,2025-01-22 19:24:00,6.27,GBP,Purchase,Completed,False,none
T0000996,A00116,M00014,2025-03-25 06:34:00,24.66,EUR,Purchase,Completed,False,none
T0000997,A00049,M00022,2025-02-25 04:51:00,40.73,EUR,Purchase,Completed,False,none
T0000998,A00019,M00006,2025-10-18 20:50:00,54.29,EUR,Purchase,Completed,False,none
T0000999,A00040,M00005,2025-12-01 00:08:00,10.73,EUR,Purchase,Completed,False,none
T0001000,A00044,M00047,2025-08-16 14:21:00,72.13,GBP,Purchase,Completed,False,none
